labos, disznokaraj
marhalabszar, asvanyviz, alma, csirkemell, fogkefe, csipsz, noi_polo, barack, asvanyviz
tej, sor, ferfi_polo, ceruzaelem, barack, csipsz, csirkemell, tojas, marhalabszar, gyerekjatek, kenyer
lekvar, barack, lekvar
noi_polo, ceruzaelem, fazek, ferfi_polo, csipsz, rizs, disznokaraj, labos
kola, tej
sor, sor, ceruzaelem, fazek, tojas, labos, fazek, tojas, alma, marhalabszar
ferfi_polo, lekvar, ceruzaelem, labos, asvanyviz, barack, rizs, tej, marhalabszar
ferfi_polo, ferfi_polo, kola
asvanyviz, gyerekjatek, alma, noi_polo, fazek, csipsz
fogkrem, gyerekjatek, noi_polo, spagetti, fogkefe, marhalabszar, kola, gyerekjatek, rizs, spagetti, csipsz, ferfi_polo
fazek, noi_polo, csipsz, csipsz, lekvar
alma, spagetti, labos, rizs
fazek, csipsz, gyerekjatek, labos
spagetti, noi_polo, fogkefe, sor, labos, alma, csipsz, paprika, tej
gyerekjatek, gyerekjatek, ceruzaelem
ferfi_polo, labos
csipsz, muzli, ferfi_polo, alma, ceruzaelem, marhalabszar, spagetti
barack, muzli, tojas, asvanyviz, tej, tej
barack, fogkrem, paprika, tojas
lekvar, kenyer, kola
marhalabszar, marhalabszar
paprika, csirkemell
alma, spagetti, ceruzaelem, tej, csipsz, fazek, marhalabszar, gyerekjatek, fazek, csirkemell
ferfi_polo, marhalabszar, barack
csipsz, sor, barack, muzli
fazek, ceruzaelem, muzli, lekvar, fogkefe, spagetti, spagetti, tojas
disznokaraj, csipsz, sor, barack
fogkrem, sor, csipsz, marhalabszar, paprika, ferfi_polo
tojas, fogkrem, marhalabszar,  gyerekjatek, alma, ferfi_polo, gyerekjatek, tej, muzli, spagetti, csipsz, fogkrem
tej, noi_polo
ferfi_polo, csipsz, sor, tej, asvanyviz, rizs, kenyer, marhalabszar, csipsz, fogkrem, asvanyviz, muzli
lekvar, kola, csipsz, labos
tej, tej, lekvar, csirkemell, kenyer, fogkrem
noi_polo, fogkrem, sor, csirkemell, lekvar, rizs, csipsz, alma, csirkemell
lekvar, csipsz, lekvar, sor, muzli, fogkrem, gyerekjatek
barack, sor, csirkemell, sor, fazek, tej, kenyer
disznokaraj, marhalabszar
paprika, spagetti, marhalabszar, barack, csirkemell, alma, sor, ferfi_polo, sor, paprika, kola, muzli
labos, kola, tojas, noi_polo, barack, asvanyviz, sor
sor, alma, muzli, noi_polo, tojas, barack
gyerekjatek, lekvar, sor, rizs, disznokaraj, csipsz, ceruzaelem, csipsz, noi_polo
csipsz, gyerekjatek, fogkrem, muzli, spagetti, kola, csirkemell
barack, barack, fogkrem, tojas
marhalabszar, kola, csipsz, fogkefe, alma, tej, paprika, gyerekjatek, fogkrem, asvanyviz, gyerekjatek
ferfi_polo, labos, barack, marhalabszar, noi_polo
muzli, tojas, barack, spagetti, spagetti, kenyer, noi_polo, tojas, fazek, ceruzaelem
fazek, tej, tej, muzli, csirkemell, asvanyviz, kola, sor
fogkefe, csipsz, rizs, disznokaraj, disznokaraj, muzli, gyerekjatek
spagetti, alma, fogkrem, tojas, marhalabszar, rizs, gyerekjatek, csipsz, csirkemell, ferfi_polo, csipsz, alma
asvanyviz, paprika, lekvar, tojas, kenyer, csipsz
muzli, csipsz, csirkemell, kenyer, csirkemell, asvanyviz, labos, barack, fogkefe, gyerekjatek
fogkefe, barack, muzli
marhalabszar, ferfi_polo, spagetti, labos
gyerekjatek, barack, noi_polo, lekvar, asvanyviz, csipsz, tojas, tojas
labos, labos, alma, muzli, muzli, ceruzaelem
kenyer, asvanyviz, rizs, ceruzaelem, spagetti, barack, ceruzaelem, lekvar, ceruzaelem, labos
kola, tej, barack, sor, gyerekjatek, sor, asvanyviz, kenyer, csipsz, sor, paprika
asvanyviz, ceruzaelem, ceruzaelem, ceruzaelem, spagetti, disznokaraj, kenyer
csipsz, paprika, ceruzaelem, ceruzaelem, spagetti, noi_polo, spagetti, csirkemell, paprika, spagetti, disznokaraj
lekvar, disznokaraj, ferfi_polo
disznokaraj, alma, fogkrem, marhalabszar
tej, alma, sor, asvanyviz
lekvar, kola, alma, sor, sor, spagetti, tej, barack
gyerekjatek, ceruzaelem, sor, rizs, csipsz, paprika
noi_polo, fogkefe, csirkemell, paprika, fogkefe, barack
marhalabszar, noi_polo, ferfi_polo, paprika, marhalabszar, csipsz, ferfi_polo, kenyer, ceruzaelem
rizs, ferfi_polo, fogkrem, marhalabszar, sor
muzli, sor, kola, kola, rizs, alma, tojas, fogkefe
csirkemell, asvanyviz, lekvar
ferfi_polo, alma, csipsz, alma, disznokaraj, ceruzaelem, asvanyviz, muzli, kola, spagetti, gyerekjatek, gyerekjatek
alma, muzli, barack, tej, muzli, paprika, fogkrem
fogkefe, fazek, ferfi_polo, barack, marhalabszar, asvanyviz, barack
tojas, asvanyviz, barack, csipsz, fogkrem, kola
tej, fogkefe, csipsz, noi_polo, sor, kola, gyerekjatek
spagetti, disznokaraj, spagetti, lekvar, kenyer, asvanyviz, alma, gyerekjatek, fogkefe
ferfi_polo, tojas, marhalabszar, disznokaraj, rizs, muzli, asvanyviz, csirkemell
csirkemell, fogkrem, tej, alma, alma, tej, labos, asvanyviz
fogkefe, paprika, asvanyviz, tojas, marhalabszar, asvanyviz, fogkrem, fazek
alma, gyerekjatek, fogkefe, tej, spagetti, asvanyviz, csipsz, rizs
rizs, tej, muzli, csipsz, asvanyviz, noi_polo, rizs, kola, kola, lekvar, lekvar
fogkrem, fogkrem, spagetti, paprika, alma, fazek
rizs, fogkrem, kenyer, marhalabszar, fogkefe, csipsz
ceruzaelem, gyerekjatek, asvanyviz, marhalabszar, tojas, ceruzaelem, csipsz, noi_polo, ferfi_polo
ceruzaelem, barack, tej, kenyer, asvanyviz, asvanyviz, csipsz
tej, alma, ferfi_polo, gyerekjatek, alma, marhalabszar, disznokaraj, ceruzaelem, noi_polo, rizs, csipsz, muzli
kola, barack, alma, csirkemell, asvanyviz
marhalabszar, csirkemell, csirkemell, kenyer, ceruzaelem, tojas, ferfi_polo, sor, fazek, muzli
csipsz, ceruzaelem, alma, spagetti, asvanyviz, fogkefe, noi_polo
fogkrem, tojas, noi_polo, fazek
sor, noi_polo, kenyer, muzli, barack, paprika, ceruzaelem, lekvar, rizs, asvanyviz
tej, sor
fazek, csirkemell
noi_polo, gyerekjatek, noi_polo, noi_polo, csipsz, asvanyviz
sor, kenyer, sor, muzli, fazek, noi_polo, paprika, fogkrem, csirkemell
labos, muzli, tej, tojas
marhalabszar, paprika, tej, tej, asvanyviz, lekvar, marhalabszar, muzli, noi_polo, muzli
csirkemell, labos, fogkrem, fogkefe, muzli
ferfi_polo, spagetti, spagetti, kola, marhalabszar
labos, paprika, csipsz, noi_polo, marhalabszar, asvanyviz, disznokaraj, labos, ceruzaelem, rizs, gyerekjatek
labos, fogkefe, kola, ceruzaelem, labos, marhalabszar, labos
rizs, kola, lekvar, lekvar, disznokaraj, fogkrem, csipsz
ferfi_polo, csipsz, rizs, fogkefe, lekvar, gyerekjatek, marhalabszar, csirkemell, csirkemell, rizs
csirkemell, fogkrem, fazek, disznokaraj, lekvar, asvanyviz, ceruzaelem, fogkefe
barack, alma
kenyer, paprika, fazek, kenyer, marhalabszar, ferfi_polo, alma, labos, csipsz
paprika, fazek, rizs, kenyer, kola, lekvar, fogkefe, kenyer, gyerekjatek, fazek, lekvar
kenyer, barack, alma, ferfi_polo, lekvar, sor, barack, csipsz
csirkemell, csipsz, tojas, tojas, gyerekjatek
ceruzaelem, muzli, noi_polo, lekvar, fogkrem, fazek, asvanyviz, kola, gyerekjatek
csipsz, kenyer
labos, fazek, marhalabszar, asvanyviz, spagetti, asvanyviz, disznokaraj
spagetti, rizs, noi_polo, tej, marhalabszar, csipsz, barack, asvanyviz
disznokaraj, alma, tojas, barack, tojas, muzli
kola, disznokaraj, ferfi_polo, gyerekjatek, barack, sor, disznokaraj, csipsz, rizs, fazek, sor
rizs, ferfi_polo
labos, gyerekjatek, ceruzaelem, csirkemell, csipsz, tej, alma, csipsz, marhalabszar, tej
ceruzaelem, kola, lekvar, alma, csipsz
barack, ferfi_polo, paprika, marhalabszar, labos, kenyer, asvanyviz, csirkemell
muzli, gyerekjatek, sor, labos, csirkemell, fazek, csirkemell, csipsz, asvanyviz
rizs, marhalabszar, csipsz, alma, gyerekjatek, noi_polo, fogkrem, csipsz, muzli, ferfi_polo, kola, kola
spagetti, kola, disznokaraj, barack, marhalabszar, kenyer
marhalabszar, asvanyviz, alma, fogkefe, tojas, barack, tojas, sor, disznokaraj
asvanyviz, gyerekjatek, csipsz, marhalabszar, kenyer, csipsz, ferfi_polo, muzli, lekvar, tej
alma, paprika, csipsz, csipsz, tej
kenyer, labos, marhalabszar, csipsz, noi_polo, tej, noi_polo, sor, kenyer
ferfi_polo, kenyer, rizs, gyerekjatek, paprika, fazek, csipsz, fogkefe, kenyer, muzli
asvanyviz, kola, kola, rizs, kola, csipsz, fogkrem, asvanyviz, lekvar
disznokaraj, labos, csirkemell
ferfi_polo, labos
spagetti, tojas, sor, kola
alma, tojas, noi_polo, fogkrem, fogkefe, paprika, marhalabszar, alma, fazek
disznokaraj, fogkrem
tej, kenyer, ceruzaelem
barack, barack, ceruzaelem, paprika, fazek, marhalabszar, kenyer, csipsz, fazek, fogkefe, kola
fogkefe, ceruzaelem, tej, csirkemell, muzli, csirkemell, fogkrem, fogkrem, sor, asvanyviz
spagetti, asvanyviz, marhalabszar, marhalabszar, barack, csirkemell
spagetti, fazek, barack
labos, tojas, marhalabszar, paprika, csipsz, paprika, disznokaraj, ferfi_polo, labos, muzli, spagetti, gyerekjatek
tojas, csipsz, sor, tojas, marhalabszar, asvanyviz
marhalabszar, sor, marhalabszar, disznokaraj, fazek, fogkefe, alma, fogkrem, tojas
rizs, rizs, csipsz, marhalabszar, fogkrem, asvanyviz, ferfi_polo, fogkrem
fazek, muzli, tej, barack, marhalabszar
barack, sor, ceruzaelem, tej, lekvar, fazek, tej, noi_polo, ferfi_polo
asvanyviz, csipsz, barack, paprika
kola, lekvar, fogkrem, kola
tej, tojas, barack, marhalabszar, spagetti, asvanyviz, muzli, alma, barack, ferfi_polo, kola, lekvar
asvanyviz, barack
ceruzaelem, spagetti, muzli, disznokaraj, kola, csirkemell, csipsz, paprika, noi_polo, ceruzaelem, fogkrem
rizs, alma, csirkemell, alma, alma
ceruzaelem, kola, paprika, kenyer
csipsz, fogkrem, gyerekjatek, gyerekjatek, rizs, lekvar
ceruzaelem, fogkefe, labos, kola, csipsz
noi_polo, sor, alma
labos, muzli, kola, alma, gyerekjatek, csipsz, ferfi_polo, sor, marhalabszar, csipsz, noi_polo, ceruzaelem
barack, tojas, noi_polo, labos, muzli, csipsz, csirkemell, asvanyviz, asvanyviz
fazek, csipsz
tej, spagetti, tojas, alma, fazek
muzli, sor, barack
csipsz, marhalabszar, lekvar, ferfi_polo, ceruzaelem, marhalabszar, tojas
fogkefe, tej, noi_polo, sor, tej, sor
kenyer, labos, csipsz, fogkrem, noi_polo, gyerekjatek, ceruzaelem, tojas, marhalabszar
ferfi_polo, spagetti, barack, fogkefe, marhalabszar, fogkefe, csipsz, rizs, ferfi_polo, barack, muzli
tej, fazek, csipsz, barack, kenyer, sor, disznokaraj, lekvar, csipsz, tojas
asvanyviz, csipsz, kenyer, kenyer, tojas, barack, gyerekjatek, paprika, lekvar, spagetti
fazek, fazek, noi_polo, tojas
fazek, tej, labos, noi_polo, spagetti, rizs, csirkemell, lekvar, alma, rizs, fazek
csirkemell, ferfi_polo, lekvar, tojas, kola, marhalabszar, fogkrem, asvanyviz, alma, fogkrem, ferfi_polo, sor
marhalabszar, alma, rizs, fogkefe, rizs, csipsz, muzli
csipsz, disznokaraj, fogkefe, asvanyviz, fazek, kola, muzli
asvanyviz, ceruzaelem, sor, csipsz, sor, rizs, marhalabszar, csirkemell, spagetti, gyerekjatek, tej, csirkemell
marhalabszar, tej, rizs, rizs, barack, sor, sor, tej, lekvar, noi_polo
tojas, asvanyviz, spagetti, fogkefe, asvanyviz, fogkrem, marhalabszar, marhalabszar, asvanyviz, asvanyviz, noi_polo
ferfi_polo, sor, fogkefe, csipsz, marhalabszar, gyerekjatek, muzli, fogkrem, kenyer, gyerekjatek, gyerekjatek, ceruzaelem
marhalabszar, csipsz, muzli, paprika, barack
tej, noi_polo
ferfi_polo, rizs, labos, muzli, ferfi_polo, labos, barack
lekvar, csirkemell, fazek
fogkrem, rizs, sor, noi_polo, fogkefe
alma, kenyer, muzli, muzli, asvanyviz, kola, labos, barack, noi_polo, ceruzaelem, barack
rizs, barack, fogkefe
fazek, rizs, tojas, marhalabszar, labos, barack, noi_polo
asvanyviz, tojas, spagetti
barack, alma, tej, spagetti, lekvar, alma, rizs, csipsz, ceruzaelem
kenyer, muzli, tojas
tej, labos, csipsz, barack, tojas, labos, tojas, kola, rizs, gyerekjatek
alma, labos, labos, gyerekjatek, paprika, spagetti, csipsz, noi_polo, csipsz
alma, alma, kenyer, asvanyviz, fogkefe
muzli, spagetti, sor, kenyer, noi_polo, fogkefe, asvanyviz
noi_polo, noi_polo, noi_polo, rizs, noi_polo, tej, muzli, fazek
csirkemell, csipsz, tojas, csirkemell, tojas, gyerekjatek, marhalabszar, fogkefe, sor, lekvar, marhalabszar
disznokaraj, spagetti, barack, barack, spagetti, rizs, alma, csipsz, barack, sor
gyerekjatek, disznokaraj, rizs
kola, barack, lekvar, spagetti, fazek, asvanyviz, asvanyviz, asvanyviz, csirkemell, csipsz
barack, lekvar, sor, tojas, csipsz, tojas, kola, marhalabszar, tojas
fazek, ferfi_polo, tej, fogkrem, csipsz, csipsz, marhalabszar, fogkefe, fazek, muzli, csipsz, marhalabszar
barack, fogkrem, muzli, csirkemell, ceruzaelem, tojas
barack, labos, asvanyviz, tej, ferfi_polo, csipsz, labos, sor, marhalabszar, kola
rizs, marhalabszar, sor, ceruzaelem, tej, marhalabszar, noi_polo, alma, sor
spagetti, labos
tojas, ceruzaelem, sor, tej, ferfi_polo, csirkemell, fogkefe, asvanyviz, tej, tojas, fazek
kenyer, alma, marhalabszar, disznokaraj
gyerekjatek, barack, noi_polo, csipsz, lekvar
sor, gyerekjatek, tej, barack, paprika, muzli, paprika, fogkrem, csipsz, noi_polo, barack, tojas
csirkemell, labos, fogkefe, spagetti
fogkrem, ferfi_polo, csirkemell, muzli, muzli, fogkrem, disznokaraj, spagetti, fazek, asvanyviz
kola, lekvar, paprika, asvanyviz, fazek, tej, kenyer
tojas, lekvar, fazek, ceruzaelem, marhalabszar, sor
asvanyviz, muzli, lekvar, fazek, fogkrem, fazek, fogkefe, kenyer, tej, lekvar
ceruzaelem, csirkemell, marhalabszar
spagetti, kola, labos, ferfi_polo, barack, asvanyviz, alma, sor, labos
csipsz, fogkrem, lekvar, csipsz, alma, kenyer, tej, sor, lekvar, fogkefe, fogkrem
kenyer, barack, sor, barack
ceruzaelem, labos, marhalabszar, fogkrem, lekvar, muzli, fogkrem, ferfi_polo, fogkrem, disznokaraj
barack, muzli, alma, sor, labos, tej, fogkefe, asvanyviz, fogkefe, kola, kola
asvanyviz, kola, kenyer, rizs
fazek, fogkefe, lekvar, fogkefe, csirkemell
tej, asvanyviz, asvanyviz, labos
kola, kola, ceruzaelem, ceruzaelem, barack, ferfi_polo, paprika, tej, rizs, marhalabszar, ferfi_polo, fazek
ferfi_polo, barack, alma, rizs, rizs, disznokaraj, csipsz
asvanyviz, noi_polo, marhalabszar, paprika, fazek, fogkefe, ferfi_polo, tojas, tojas, asvanyviz, csipsz, noi_polo
kola, csipsz, csirkemell, paprika, tej, noi_polo, barack, kola, tej, sor, csirkemell
csirkemell, alma, kola, marhalabszar
csipsz, kenyer, muzli, marhalabszar, rizs, tej, kola, ceruzaelem, tojas
kenyer, spagetti, barack, csirkemell, tojas
barack, tojas, kola, lekvar, paprika, marhalabszar, paprika, labos
ferfi_polo, noi_polo, csipsz, fazek, marhalabszar, asvanyviz, ceruzaelem, alma, ceruzaelem, fogkefe, csipsz, alma
csipsz, fazek, ceruzaelem, gyerekjatek
asvanyviz, kola, kenyer, lekvar, barack, noi_polo, kola, muzli, ceruzaelem, tojas, tojas
fogkefe, tej, rizs, fogkefe, alma, marhalabszar, ferfi_polo
ceruzaelem, kola, kola, kenyer
csirkemell, muzli, muzli, tojas
fogkrem, kenyer, tojas, rizs, spagetti, ceruzaelem, alma, csipsz
sor, csipsz
gyerekjatek, spagetti, csipsz, barack
tojas, sor, csipsz, fogkrem, tojas, fazek, lekvar
ceruzaelem, noi_polo
gyerekjatek, gyerekjatek
barack, marhalabszar, labos, labos, tojas, fogkefe
barack, asvanyviz, lekvar, fogkefe, asvanyviz, ferfi_polo
csipsz, fazek, ferfi_polo, csirkemell, ferfi_polo, disznokaraj, noi_polo, barack, csirkemell, noi_polo, tej
rizs, marhalabszar, alma, kola, csirkemell, alma, spagetti, fazek
barack, alma, sor, asvanyviz, rizs, muzli, rizs, lekvar, kola, lekvar
spagetti, sor, kenyer, sor, muzli, ceruzaelem,
gyerekjatek, marhalabszar, csirkemell, ferfi_polo, csipsz, fogkrem, muzli, disznokaraj, gyerekjatek, csipsz, lekvar
tej, tojas, csipsz, alma, muzli, labos, gyerekjatek, noi_polo
kola, noi_polo, tojas, csirkemell, tej, noi_polo, noi_polo, sor, marhalabszar, paprika, labos
ceruzaelem, noi_polo, spagetti
disznokaraj, spagetti, kenyer
fogkefe, barack, barack, rizs, fogkrem, csipsz, paprika, asvanyviz, ceruzaelem, kola
ceruzaelem, spagetti, paprika, rizs
labos, fogkefe, fogkefe
noi_polo, fogkefe, barack, fogkrem, asvanyviz, disznokaraj, tojas, fogkefe
paprika, fogkrem, fazek, csirkemell, kenyer
noi_polo, kola, tojas, fogkefe, fazek, kola, fogkrem, lekvar
csipsz, csirkemell, asvanyviz, fogkrem, csipsz, noi_polo, disznokaraj, ceruzaelem
fogkefe, disznokaraj, spagetti, csipsz, kenyer, asvanyviz
ferfi_polo, tej, paprika, ceruzaelem, labos, kola, rizs, marhalabszar, muzli
paprika, asvanyviz, noi_polo, lekvar
tojas, sor, kola, fazek, csirkemell, tojas, csipsz
fogkefe, csipsz, sor, csirkemell, gyerekjatek, kenyer, ceruzaelem, ceruzaelem, barack, ferfi_polo
kola, csipsz, tojas, marhalabszar, ferfi_polo, tej, noi_polo
alma, alma, labos, tej, fogkrem, paprika, tojas, tej, gyerekjatek, fogkefe, fazek
sor, noi_polo, gyerekjatek, noi_polo, lekvar, disznokaraj, fogkefe, csipsz, csirkemell, fazek, asvanyviz
kola, asvanyviz, fogkrem, rizs
lekvar, fazek, fogkrem, ceruzaelem, csipsz, fogkefe, fogkrem, noi_polo, marhalabszar, disznokaraj
csirkemell, sor, alma, csirkemell, tej, spagetti, fogkrem, ferfi_polo, noi_polo, labos
spagetti, marhalabszar, fogkefe, ferfi_polo, asvanyviz, noi_polo, ceruzaelem, fogkrem, ceruzaelem
ferfi_polo, alma, noi_polo, noi_polo, paprika, gyerekjatek, paprika, marhalabszar, kola
tej, sor, kenyer, labos, fogkefe, noi_polo, spagetti, csipsz, spagetti
ferfi_polo, labos, ferfi_polo, alma, kenyer, marhalabszar, rizs
asvanyviz, sor
alma, muzli, csipsz, disznokaraj, barack, sor, kola, fogkrem, gyerekjatek, gyerekjatek, fazek
spagetti, lekvar, marhalabszar, alma
tej, paprika, kola, rizs, muzli
asvanyviz, csirkemell, barack, ceruzaelem, fogkrem, paprika, fogkefe, rizs
asvanyviz, sor, barack, csipsz, fazek, tej, csipsz, tej, kenyer, noi_polo, gyerekjatek, muzli, kola
fogkefe, fogkefe, tej, disznokaraj, alma
lekvar, marhalabszar, kola, kola, asvanyviz, lekvar, gyerekjatek, disznokaraj, alma
asvanyviz, alma
barack, csipsz, muzli, csipsz, asvanyviz, spagetti, alma, marhalabszar, muzli, noi_polo, tej
asvanyviz, csirkemell, gyerekjatek, ceruzaelem, sor, labos, spagetti, muzli, gyerekjatek, sor
marhalabszar, fogkrem, fogkefe, ferfi_polo
muzli, ceruzaelem, lekvar, muzli, kenyer, kola, kola, csirkemell, fogkefe, ceruzaelem, asvanyviz
asvanyviz, sor, paprika, spagetti, noi_polo, tej, kola, lekvar, tojas, kenyer, kenyer
spagetti, ceruzaelem, csirkemell, rizs
tojas, disznokaraj, tojas, marhalabszar, spagetti, fogkefe, ferfi_polo
disznokaraj, tojas, kenyer, kenyer, fogkefe, asvanyviz, kenyer, kola
alma, csipsz, ferfi_polo, fogkrem, paprika, lekvar, gyerekjatek, marhalabszar, fogkrem, asvanyviz
labos, paprika, disznokaraj, gyerekjatek, disznokaraj, lekvar, csipsz, ceruzaelem
labos, tej, disznokaraj, marhalabszar, noi_polo
csipsz, fazek
gyerekjatek, barack, csipsz, csirkemell, noi_polo, ceruzaelem, marhalabszar, fazek, csipsz, marhalabszar, ferfi_polo, tojas
tej, tojas, alma, fogkefe, gyerekjatek, tojas, muzli, labos, paprika, csipsz, asvanyviz, barack
spagetti, gyerekjatek, kenyer, muzli, noi_polo, csipsz
lekvar, fazek
lekvar, spagetti
kola, marhalabszar
noi_polo, kenyer, csipsz, alma, fogkrem, tej, paprika, ceruzaelem, alma, kenyer
barack, labos, alma, fogkefe, fogkrem, asvanyviz, marhalabszar
tojas, ferfi_polo, rizs, tej, marhalabszar, ceruzaelem, fogkefe
labos, tej, disznokaraj, marhalabszar, fogkefe, disznokaraj
fogkrem, noi_polo, lekvar, disznokaraj
gyerekjatek, tej, tej, labos, fogkefe, fazek, asvanyviz, fogkefe, fogkefe, csipsz, paprika
paprika, marhalabszar, ferfi_polo, fogkefe, labos, csirkemell, tojas, marhalabszar, csirkemell
muzli, labos
fogkefe, rizs, lekvar, labos, marhalabszar, disznokaraj
asvanyviz, disznokaraj, barack
lekvar, disznokaraj, csipsz, fogkrem, rizs, alma, paprika, tej, tojas, gyerekjatek, labos
ceruzaelem, ferfi_polo, sor, rizs, muzli, disznokaraj, gyerekjatek, csirkemell, labos, csipsz, gyerekjatek, marhalabszar, noi_polo
paprika, barack, paprika, fazek, tej, ceruzaelem, marhalabszar, fogkrem, marhalabszar, ceruzaelem
noi_polo, tojas, tej, lekvar
alma, noi_polo, fogkefe, fogkefe, marhalabszar, kenyer, paprika, asvanyviz, noi_polo
paprika, fogkrem, tej, fazek, labos, barack, rizs
sor, csipsz, spagetti, alma, gyerekjatek, ceruzaelem
fogkrem, paprika, sor, sor
spagetti, disznokaraj, fogkefe, sor, noi_polo, kenyer, tej, tej, disznokaraj, noi_polo
kola, csirkemell, noi_polo, paprika, csirkemell
tej, muzli, csirkemell, barack, fogkrem, marhalabszar, kenyer
lekvar, tojas
kenyer, marhalabszar
muzli, spagetti, rizs, marhalabszar, marhalabszar, csirkemell, fogkrem, tojas, fogkrem
muzli, kola, gyerekjatek, muzli, paprika
noi_polo, marhalabszar, fogkrem, kenyer, kenyer, spagetti, ferfi_polo, csirkemell, muzli, ceruzaelem
marhalabszar, kenyer, rizs, sor, marhalabszar, csirkemell, tojas, alma, kola, kenyer, muzli
kenyer, labos, fogkefe
ferfi_polo, kola, lekvar, ferfi_polo, muzli, marhalabszar, sor, muzli, paprika, fogkrem
paprika, csipsz, disznokaraj
labos, tej, lekvar
sor, spagetti, kenyer, gyerekjatek, csirkemell, fogkrem, fazek, csipsz, paprika, labos, labos, marhalabszar
alma, alma, tej, gyerekjatek, fogkefe, kola, paprika, alma, ceruzaelem, fogkefe, tej
barack, csipsz, ferfi_polo, rizs, marhalabszar, spagetti, fogkrem, disznokaraj
tej, sor, csirkemell, fogkefe, alma, csipsz, muzli, fogkefe, ceruzaelem, sor, noi_polo, gyerekjatek
csipsz, paprika, asvanyviz, noi_polo, fazek, csipsz, barack, noi_polo, paprika
rizs, disznokaraj, muzli, rizs, fogkrem, kola, labos, labos, tojas, lekvar
noi_polo, rizs
kenyer, labos, asvanyviz, kola, kola, asvanyviz, barack, ceruzaelem, disznokaraj, fazek
asvanyviz, rizs, csirkemell, sor, csirkemell
csirkemell, rizs, fazek, muzli, muzli, csirkemell
asvanyviz, rizs, ceruzaelem, paprika
paprika, muzli, csirkemell, asvanyviz, fogkefe, kola
alma, disznokaraj, marhalabszar, csipsz, csirkemell, fazek, kenyer, csipsz, lekvar, alma, paprika
asvanyviz, labos, marhalabszar, paprika, spagetti, asvanyviz, labos, spagetti, noi_polo, ferfi_polo, rizs, gyerekjatek
barack, sor, tej, fogkrem, paprika, muzli
labos, disznokaraj, alma, paprika
kola, rizs, noi_polo
asvanyviz, lekvar, csipsz, fogkrem, marhalabszar, gyerekjatek, spagetti, asvanyviz, paprika, csipsz, noi_polo
labos, muzli, spagetti, ceruzaelem, csipsz, fogkrem, spagetti, csipsz, rizs
asvanyviz, spagetti, kenyer
marhalabszar, noi_polo, spagetti, labos, muzli, marhalabszar, kenyer
fogkefe, barack, fogkrem, csirkemell, rizs, csipsz, ceruzaelem, kenyer
fogkrem, barack, labos, lekvar, kenyer, sor, kenyer, lekvar, spagetti, csirkemell, noi_polo
tej, kenyer, paprika, tej, ceruzaelem, muzli, fazek, labos
kola, tojas, kenyer, disznokaraj, rizs, ceruzaelem, rizs, labos, labos
marhalabszar, csipsz, lekvar, ferfi_polo, noi_polo, ferfi_polo
csipsz, csipsz, fazek, paprika, disznokaraj, fogkrem
tej, rizs, gyerekjatek, sor, lekvar, rizs, csipsz, kola, paprika
marhalabszar, kenyer, paprika, muzli, disznokaraj, spagetti, csipsz, kola
sor, kola, tej
ceruzaelem, csipsz, kenyer, gyerekjatek
spagetti, tojas, alma, tojas, barack, csipsz, csirkemell, alma, spagetti
ceruzaelem, marhalabszar, asvanyviz, fazek, rizs, sor, labos, kola, fazek, csipsz
marhalabszar, kenyer, barack, barack, ferfi_polo, fazek, csipsz, sor, fogkefe
ceruzaelem, sor, disznokaraj, csipsz, kola, sor, csirkemell, kenyer, gyerekjatek
sor, labos, rizs, csipsz
barack, spagetti, sor, csipsz, sor
ceruzaelem, disznokaraj, noi_polo
ferfi_polo, ferfi_polo, spagetti, fogkefe, fogkrem, sor, noi_polo, marhalabszar, spagetti, labos, kenyer, asvanyviz
alma, sor, noi_polo, csipsz, labos, muzli, tojas, gyerekjatek, tojas, fazek
lekvar, spagetti, asvanyviz
alma, muzli, csipsz, labos, asvanyviz
ceruzaelem, muzli, ceruzaelem
noi_polo, barack, labos, paprika, lekvar, asvanyviz, barack, csipsz, tej, fogkefe
sor, marhalabszar, tej, labos, marhalabszar, fogkefe, labos, spagetti, marhalabszar, fazek, disznokaraj
csipsz, alma, kenyer, labos
tej, fazek, muzli, csirkemell, disznokaraj, fogkefe, csipsz, kola, noi_polo, muzli
labos, lekvar, asvanyviz, rizs, paprika, tojas, labos, paprika, rizs, csipsz, lekvar
noi_polo, csipsz
kola, noi_polo, marhalabszar, asvanyviz, csipsz
kola, kenyer, kola, fogkefe, csirkemell, noi_polo, fogkefe, marhalabszar, fogkefe, labos
fogkefe, asvanyviz, sor
sor, sor, rizs, csipsz, barack
tej, fogkefe
tojas, marhalabszar, ceruzaelem, muzli
marhalabszar, kola, fazek, ceruzaelem, paprika, kola, ceruzaelem
ceruzaelem, csirkemell, rizs, tej, csipsz, marhalabszar, sor
barack, tej, paprika, paprika, disznokaraj
ceruzaelem, sor
labos, noi_polo, fogkefe, csipsz, tojas, spagetti, fazek, kenyer, gyerekjatek
ferfi_polo, marhalabszar, marhalabszar, muzli, ceruzaelem
rizs, csirkemell, kenyer, disznokaraj, fazek
rizs, ceruzaelem, fazek, labos, fogkefe, ceruzaelem, rizs
alma, spagetti, disznokaraj, fogkefe, fazek, lekvar, disznokaraj, tojas, ceruzaelem, fazek, disznokaraj
alma, spagetti, marhalabszar, alma, fogkefe, kenyer, kenyer, fazek, rizs, fogkefe, alma
barack, kola, tej, muzli, alma
marhalabszar, csipsz, rizs, alma, ferfi_polo, tej, gyerekjatek, muzli, tojas, ceruzaelem, spagetti
gyerekjatek, kola, kola, csipsz, fogkrem
kola, asvanyviz, paprika, tej, fogkrem, fogkrem, tej, alma, noi_polo, sor
ceruzaelem, kola, paprika, paprika, csipsz, labos, fogkefe, ferfi_polo, lekvar, kola, fogkefe, marhalabszar, gyerekjatek
kenyer, noi_polo
kenyer, csirkemell, spagetti, tej, muzli, fogkefe, fogkefe, marhalabszar, spagetti
fazek, ceruzaelem, fogkefe, tojas, alma, marhalabszar, tej, labos, paprika, kola
sor, gyerekjatek, csipsz, tojas
csirkemell, marhalabszar, tojas, kenyer, ferfi_polo
spagetti, ceruzaelem, fogkefe, csipsz, disznokaraj
labos, kenyer, kola, kola, tojas, disznokaraj, labos, kenyer
fazek, labos, lekvar, gyerekjatek
fogkrem, lekvar, sor, csirkemell, gyerekjatek, spagetti, lekvar, alma, barack
disznokaraj, csipsz, lekvar, spagetti, fazek, sor, paprika
tojas, sor, gyerekjatek, csipsz
muzli, barack, kenyer, tej, csirkemell, marhalabszar, ferfi_polo, barack, alma, barack
kenyer, sor, kenyer, csipsz, gyerekjatek, paprika, ceruzaelem, csirkemell, rizs, fogkrem
tojas, csipsz, fazek, gyerekjatek, paprika, fogkrem, fazek
fogkefe, barack
rizs, gyerekjatek, alma, fazek, spagetti, csipsz, asvanyviz
alma, rizs, tojas, spagetti, spagetti, tojas
fogkrem, rizs, disznokaraj, labos, ceruzaelem, fazek, alma, ceruzaelem, marhalabszar, tej
barack, ceruzaelem, csipsz
paprika, kola, labos, kenyer, noi_polo, marhalabszar, tojas, labos, fogkrem, sor, asvanyviz
spagetti, fogkefe, rizs, muzli, tej, labos, muzli, csipsz, marhalabszar, kenyer
noi_polo, fogkrem, barack, ceruzaelem, lekvar, marhalabszar, labos, marhalabszar, marhalabszar, disznokaraj
labos, paprika
csirkemell, fazek, ceruzaelem, disznokaraj, muzli, kola, csipsz, disznokaraj
fazek, paprika, marhalabszar, asvanyviz, noi_polo, lekvar, ceruzaelem, ferfi_polo, kola
disznokaraj, labos, fogkefe, fogkefe, ceruzaelem
fogkrem, noi_polo, kola, csipsz, fazek, alma, csipsz, marhalabszar, gyerekjatek, fogkefe, lekvar, noi_polo, gyerekjatek
muzli, lekvar, fogkefe, spagetti
disznokaraj, kola, muzli, marhalabszar, tojas
muzli, gyerekjatek, noi_polo, tojas, asvanyviz, sor, lekvar, csipsz, barack
asvanyviz, labos, gyerekjatek, marhalabszar, paprika, csipsz, spagetti, muzli, ferfi_polo
csipsz, muzli, csirkemell, lekvar, fogkefe, disznokaraj, muzli, asvanyviz, gyerekjatek, sor, tojas
noi_polo, labos, sor, fazek, alma, tojas, alma, csirkemell, rizs, ceruzaelem, tej
tojas, ferfi_polo, marhalabszar, csipsz, gyerekjatek, gyerekjatek, barack, fogkefe, asvanyviz
marhalabszar, noi_polo, fazek, paprika, kola, ferfi_polo
noi_polo, spagetti, spagetti, marhalabszar, kola, alma, kenyer, spagetti, rizs, muzli, csirkemell
marhalabszar, gyerekjatek, csipsz, lekvar, marhalabszar, ferfi_polo, disznokaraj, rizs, asvanyviz, ferfi_polo
noi_polo, tej, fazek
noi_polo, csirkemell
alma, csipsz, gyerekjatek
tej, marhalabszar, sor, alma, lekvar, csipsz, muzli, alma
sor, spagetti, disznokaraj, kenyer
lekvar, spagetti, fogkefe, noi_polo, lekvar, alma
asvanyviz, fogkefe, marhalabszar, ceruzaelem, csipsz, disznokaraj, asvanyviz, tojas, csirkemell
fogkefe, csipsz, spagetti, alma, kola, lekvar, kenyer, spagetti, barack, noi_polo, paprika
ceruzaelem, kenyer, labos, lekvar, csirkemell
kenyer, kenyer, disznokaraj, csipsz, gyerekjatek, noi_polo
rizs, csipsz, fazek, tojas, csirkemell, labos, marhalabszar
gyerekjatek, tojas, csipsz, asvanyviz
ceruzaelem, kola, kenyer, kenyer, rizs, spagetti, fogkrem, csipsz, asvanyviz
ceruzaelem, alma, csirkemell, csipsz, kenyer, alma
sor, asvanyviz, alma, rizs, csipsz, csirkemell, kenyer, kenyer, kenyer
asvanyviz, marhalabszar, ceruzaelem, kola, fogkefe, ferfi_polo
lekvar, spagetti, marhalabszar, noi_polo, barack, fazek, spagetti, csirkemell, marhalabszar, muzli
spagetti, fogkefe, tojas, disznokaraj
lekvar, marhalabszar
tojas, ceruzaelem, spagetti, fogkrem, spagetti, kenyer, barack, lekvar, spagetti, noi_polo
asvanyviz, csipsz, fogkefe, muzli, tej, gyerekjatek, csirkemell, barack, asvanyviz, fazek, sor, paprika
alma, fogkefe, disznokaraj
ceruzaelem, fogkefe, ferfi_polo, csirkemell, ceruzaelem, paprika, marhalabszar, csipsz, fogkefe, csipsz, fazek
kenyer, paprika
lekvar, ceruzaelem, spagetti, spagetti, fogkefe, kenyer, rizs, barack, csipsz, disznokaraj
ceruzaelem, csipsz, rizs, noi_polo, asvanyviz
