ferfi_polo, mosogatoszer
tej, ceruzaelem, csipsz, fazek, alma, sampon, noi_polo, sampon, tej, ceruzaelem, kenyer
spagetti, ferfi_polo, kola, macskaeledel, asvanyviz, lekvar, tej, tej
ceruzaelem, paprika, lekvar, paprika, rizs, tojas
ferfi_polo, alma, macskaeledel, macskaeledel, noi_polo, tojas, alma, lekvar, alma, tojas
macskaeledel, csirkemell, rizs, marhalabszar, csirkemell, muzli
disznokaraj, rizs, tej, noi_polo, fazek
fazek, noi_polo, fazek, ferfi_polo
paprika, marhalabszar
lekvar, ferfi_polo, gyerekjatek, muzli, gyerekjatek, tojas, alma, paprika, gyerekjatek, csipsz
csirkemell, fazek, disznokaraj
csipsz, alma, rizs, fazek, lekvar, csirkemell, fogkrem, csipsz
fogkefe, csipsz
mosogatoszer, alma, ceruzaelem, csipsz, sampon, fogkrem, marhalabszar, barack, gyerekjatek, lekvar, alma
sampon, ceruzaelem, alma, spagetti
csirkemell, fogkefe, fogkefe, sampon, ceruzaelem, mosogatoszer, kenyer, tej, csirkemell, lekvar, muzli
noi_polo, lekvar
macskaeledel, muzli, fazek, fazek, disznokaraj
rizs, kola
fogkefe, alma, gyerekjatek, marhalabszar, kenyer, alma, csirkemell
spagetti, sampon, asvanyviz, macskaeledel, muzli, tojas, muzli, fogkrem, noi_polo, alma, barack
asvanyviz, tej, sampon, alma, rizs, csipsz
muzli, marhalabszar, kenyer, sampon, tojas, csirkemell, kenyer, rizs, muzli, sampon
csirkemell, asvanyviz, barack, spagetti
kola, muzli
lekvar, marhalabszar, csirkemell, ferfi_polo, fogkefe
ceruzaelem, csipsz, tej
disznokaraj, tojas
rizs, ferfi_polo, disznokaraj, kenyer, marhalabszar, ferfi_polo
sampon, csipsz, paprika, muzli, gyerekjatek
mosogatoszer, barack
csirkemell, disznokaraj, kenyer, fogkrem, paprika, lekvar, fogkrem, noi_polo, paprika
macskaeledel, fogkefe, mosogatoszer, sampon, tojas, marhalabszar
lekvar, macskaeledel, kola, sampon, muzli
alma, fogkrem
paprika, kenyer
barack, kola, muzli, ceruzaelem, fazek, rizs, barack
macskaeledel, gyerekjatek, macskaeledel, tej, kola
fogkrem, gyerekjatek, spagetti, csipsz, muzli
fazek, ceruzaelem, mosogatoszer, noi_polo
ferfi_polo, macskaeledel, noi_polo, marhalabszar, barack, tojas, macskaeledel, fazek, kenyer, noi_polo, fogkrem
tojas, csirkemell, marhalabszar, rizs, tojas, lekvar, csipsz, fogkrem, tej, noi_polo, sampon
paprika, spagetti, csipsz, ferfi_polo, marhalabszar, paprika, sampon, csipsz
ferfi_polo, lekvar, mosogatoszer, tej, paprika, marhalabszar, csipsz, muzli
marhalabszar, gyerekjatek, barack, noi_polo, gyerekjatek, paprika, ferfi_polo, tej, muzli, csipsz, macskaeledel, kenyer
csipsz, kenyer, kenyer, rizs, gyerekjatek
ferfi_polo, marhalabszar, lekvar, asvanyviz, csipsz
paprika, barack, disznokaraj, fogkefe, alma, alma, rizs, spagetti
alma, tej, marhalabszar, tej
spagetti, kenyer, macskaeledel
tojas, sampon, asvanyviz, kola
csirkemell, marhalabszar, ceruzaelem, muzli
asvanyviz, csipsz, ceruzaelem, disznokaraj, barack, muzli, tojas, fogkefe, muzli
gyerekjatek, ferfi_polo, alma, macskaeledel, tej, kola, csipsz, marhalabszar, asvanyviz
spagetti, tej, csipsz, tej, gyerekjatek, alma, mosogatoszer, spagetti, tej, tej, noi_polo
macskaeledel, marhalabszar, sampon, asvanyviz, tej
fazek, marhalabszar, marhalabszar, ferfi_polo, alma, csirkemell
alma, barack, rizs, macskaeledel, muzli, spagetti, ferfi_polo, kola, gyerekjatek, rizs
mosogatoszer, asvanyviz, rizs, csipsz, lekvar, lekvar, kenyer, gyerekjatek, noi_polo
fazek, fogkrem, lekvar, marhalabszar, paprika, csipsz, asvanyviz, fogkefe, marhalabszar, gyerekjatek, csirkemell
gyerekjatek, sampon, muzli, fogkrem, asvanyviz, tojas, csirkemell
marhalabszar, fogkrem, alma, alma, rizs
kenyer, ceruzaelem, gyerekjatek, ceruzaelem, csipsz, lekvar
csipsz, lekvar, gyerekjatek, barack
macskaeledel, tej, spagetti, noi_polo, noi_polo, muzli, kenyer
paprika, csipsz, kola, barack, ceruzaelem, macskaeledel, gyerekjatek
fogkrem, spagetti, lekvar, csipsz, csipsz, csipsz, sampon, ceruzaelem, rizs
csipsz, paprika, barack, gyerekjatek, alma
macskaeledel, csirkemell, marhalabszar, csipsz, kola, tojas, paprika, kenyer, csirkemell
tojas, alma, macskaeledel, paprika, muzli, fogkefe, gyerekjatek, asvanyviz, alma, ceruzaelem, macskaeledel
marhalabszar, spagetti, fogkrem, gyerekjatek, mosogatoszer, fazek, mosogatoszer, noi_polo, fogkrem, fogkefe, mosogatoszer
asvanyviz, noi_polo, barack
tej, asvanyviz, marhalabszar, asvanyviz, sampon, ferfi_polo, fogkefe
csipsz, tej, marhalabszar, kenyer, fazek, barack, tojas, macskaeledel, kola, tej, noi_polo
fogkefe, lekvar, tej, fazek, marhalabszar
ferfi_polo, asvanyviz, marhalabszar, noi_polo, ceruzaelem, fogkefe, barack, csirkemell, ceruzaelem
ceruzaelem, kenyer, fazek, spagetti, csirkemell, disznokaraj, barack
kenyer, tej, kenyer, kola, macskaeledel, ceruzaelem
spagetti, ferfi_polo, ceruzaelem, csipsz, kenyer, gyerekjatek, paprika, paprika, gyerekjatek
lekvar, tej
disznokaraj, csipsz, csirkemell, rizs, macskaeledel, muzli, spagetti, tojas, barack, fogkefe
ceruzaelem, tej, rizs
ceruzaelem, rizs, fogkrem, fogkrem, ceruzaelem, fogkrem, paprika
rizs, barack, csirkemell
fogkrem, kenyer, kenyer, kola, fazek, csirkemell, kenyer, kenyer, asvanyviz, kola
kola, csirkemell
tojas, gyerekjatek, mosogatoszer
rizs, barack, alma, rizs, ceruzaelem, kenyer, kenyer
fazek, macskaeledel, marhalabszar, lekvar, asvanyviz, mosogatoszer, macskaeledel, noi_polo, sampon, muzli
fogkrem, noi_polo, ferfi_polo, tojas
paprika, gyerekjatek, lekvar, mosogatoszer, csipsz, fazek, spagetti
rizs, csipsz, marhalabszar, csipsz, spagetti, asvanyviz, fogkefe, barack, ferfi_polo, fogkrem, barack, lekvar
csirkemell, lekvar, rizs, csirkemell, disznokaraj, spagetti
kenyer, fogkrem, noi_polo, csirkemell
lekvar, ceruzaelem
barack, paprika, tojas
tojas, lekvar, csirkemell, fogkrem, kola, tej
muzli, csipsz, sampon, gyerekjatek, fogkrem
sampon, sampon, tojas, macskaeledel, spagetti, marhalabszar, muzli, asvanyviz
macskaeledel, disznokaraj
fogkrem, fazek, sampon
ceruzaelem, fazek, barack, asvanyviz, csipsz, gyerekjatek, fogkrem, kenyer, tojas, tojas, tojas
barack, spagetti, muzli, fazek, kola, fogkrem
ferfi_polo, marhalabszar
rizs, tej, kola, csipsz, csipsz, marhalabszar, ceruzaelem
alma, noi_polo, fazek, mosogatoszer, lekvar, spagetti, kola
mosogatoszer, csirkemell, marhalabszar, disznokaraj, alma, csipsz, lekvar
alma, tej, alma, tej, asvanyviz, fogkefe, kenyer, tojas, muzli, fogkrem, kola
fazek, fogkefe, fogkrem, tej, lekvar, muzli
spagetti, mosogatoszer
tej, alma, sampon, tej, fazek, tej, spagetti
fazek, lekvar, spagetti, paprika, kola, fogkrem, tej, alma
csipsz, alma, macskaeledel, tej, asvanyviz, sampon, fazek
csipsz, sampon
noi_polo, csipsz, tej, tojas, gyerekjatek, paprika
sampon, muzli, gyerekjatek, macskaeledel, csirkemell, macskaeledel, mosogatoszer, ceruzaelem, tojas, tej, csipsz
sampon, tojas, csipsz
rizs, ceruzaelem, sampon, alma, mosogatoszer, tojas, rizs, rizs, spagetti, ceruzaelem, muzli
tojas, muzli, paprika, mosogatoszer, csipsz, lekvar, barack, sampon, spagetti, gyerekjatek, lekvar
alma, kola, marhalabszar, fogkrem, ferfi_polo, rizs, barack, spagetti, noi_polo
lekvar, noi_polo, ceruzaelem, alma, sampon, csirkemell, csipsz
csirkemell, fogkefe, lekvar, tojas, csipsz, kola
kenyer, tej, alma, tojas, noi_polo, macskaeledel, noi_polo, lekvar, gyerekjatek
sampon, fogkrem, lekvar, sampon
macskaeledel, noi_polo
lekvar, tojas, disznokaraj, marhalabszar, spagetti, tej, mosogatoszer, mosogatoszer, noi_polo, sampon
csipsz, fogkrem, asvanyviz
fazek, marhalabszar, fogkefe, paprika, tej, sampon, gyerekjatek, sampon, mosogatoszer
tej, muzli, ferfi_polo, ferfi_polo, alma, alma, macskaeledel, muzli, marhalabszar, fogkrem, spagetti
spagetti, ceruzaelem, alma, disznokaraj, alma
ceruzaelem, csirkemell, fogkefe, mosogatoszer, kola, noi_polo, noi_polo
mosogatoszer, kola
kenyer, fazek, rizs, marhalabszar, csipsz, kola, paprika, mosogatoszer, mosogatoszer, paprika
macskaeledel, fogkefe, kenyer, tej, muzli, muzli
csipsz, paprika, kola, marhalabszar, disznokaraj, ferfi_polo, paprika, noi_polo
gyerekjatek, csipsz, lekvar
ceruzaelem, csirkemell, mosogatoszer, kenyer, asvanyviz, gyerekjatek, csirkemell, lekvar, fazek, csipsz, spagetti, fogkefe
marhalabszar, kenyer, muzli, ferfi_polo, alma, fogkefe, asvanyviz
disznokaraj, barack, ferfi_polo, ferfi_polo, noi_polo, ferfi_polo, spagetti, fogkrem, sampon
fazek, barack, gyerekjatek, tej, ceruzaelem, barack
ferfi_polo, fogkefe, marhalabszar, kola
tej, fogkefe, fazek, sampon, lekvar, tej, tojas, fogkrem
disznokaraj, tej, kola
csipsz, gyerekjatek, muzli, lekvar, mosogatoszer, asvanyviz, kola, kola, sampon, csirkemell
mosogatoszer, paprika, fazek, noi_polo, kola, csirkemell, tojas, asvanyviz, asvanyviz, kenyer
marhalabszar, kola, sampon, mosogatoszer, fogkefe, muzli
kenyer, fazek, paprika, tej, mosogatoszer, ceruzaelem, asvanyviz, mosogatoszer
spagetti, lekvar
tojas, ceruzaelem
sampon, tej, fazek, paprika, spagetti
marhalabszar, sampon, tej, csipsz, disznokaraj, rizs, ferfi_polo
mosogatoszer, tojas
tej, sampon, noi_polo, ceruzaelem, fogkrem, mosogatoszer, tej, muzli, muzli, disznokaraj
rizs, csipsz, asvanyviz
marhalabszar, noi_polo, gyerekjatek
alma, csipsz, alma, barack, spagetti, tojas, mosogatoszer, asvanyviz
kenyer, rizs
asvanyviz, fogkefe, alma
ferfi_polo, fazek, disznokaraj, csirkemell, marhalabszar, fazek, asvanyviz
paprika, sampon, lekvar
disznokaraj, tej, muzli, noi_polo, fogkefe, tej, kenyer, ceruzaelem, ceruzaelem, csirkemell, sampon
barack, fogkrem, ferfi_polo, marhalabszar, muzli, csipsz
csipsz, alma, tej, asvanyviz
sampon, ceruzaelem, ceruzaelem, kola
csipsz, tojas, gyerekjatek, alma
csirkemell, asvanyviz, tej, csirkemell
marhalabszar, noi_polo, fogkrem, macskaeledel, mosogatoszer, fazek, noi_polo, sampon, lekvar
ceruzaelem, alma, kenyer, tej, fogkefe, csipsz, gyerekjatek, csipsz, asvanyviz, macskaeledel, lekvar
ferfi_polo, muzli
gyerekjatek, noi_polo, rizs, noi_polo, kola, csipsz, fogkefe
muzli, asvanyviz
barack, tojas, asvanyviz, kenyer, muzli, marhalabszar, ceruzaelem, disznokaraj, spagetti, paprika, spagetti
paprika, asvanyviz, tojas, marhalabszar, gyerekjatek, ferfi_polo
fazek, noi_polo, kola, tojas, spagetti, csipsz, kenyer
ceruzaelem, lekvar, ferfi_polo, disznokaraj, macskaeledel, mosogatoszer, fogkrem, fazek, noi_polo, sampon, kenyer
csirkemell, macskaeledel, mosogatoszer, muzli, disznokaraj
paprika, spagetti, tej
noi_polo, tej, spagetti, alma, fogkrem, csipsz
marhalabszar, disznokaraj, mosogatoszer, csipsz, csipsz, fazek, spagetti, tej
gyerekjatek, csirkemell, tej, fogkrem, csipsz, fogkefe
kola, kenyer, fogkefe, disznokaraj, barack, sampon
gyerekjatek, alma, spagetti, tojas
kola, barack, csirkemell, tojas, rizs, spagetti, tej
csipsz, rizs, gyerekjatek, tej, fogkefe, barack
csipsz, fogkefe, csipsz
disznokaraj, paprika, marhalabszar, noi_polo, rizs, csirkemell, ferfi_polo, fazek, spagetti, noi_polo, rizs
asvanyviz, ceruzaelem, rizs, kola, csirkemell, ceruzaelem
ceruzaelem, fogkrem, muzli, tej, kola, tej, fogkefe
ferfi_polo, mosogatoszer, marhalabszar, disznokaraj, mosogatoszer, barack
mosogatoszer, fogkefe, macskaeledel, csipsz, ferfi_polo, tej, sampon
noi_polo, gyerekjatek, tej, barack, marhalabszar, macskaeledel
tojas, sampon, noi_polo, asvanyviz, ceruzaelem
fogkrem, spagetti
noi_polo, sampon, tojas
muzli, fazek, ferfi_polo, fogkrem, lekvar, marhalabszar, asvanyviz, alma
barack, disznokaraj, noi_polo, csirkemell, barack, paprika, csipsz
rizs, macskaeledel, fazek, fogkrem, disznokaraj, barack
rizs, asvanyviz, csirkemell
muzli, mosogatoszer, muzli, tojas
fogkrem, csipsz, sampon, paprika, tej, kenyer, sampon, gyerekjatek, rizs, ceruzaelem
ceruzaelem, kola, alma
fazek, barack, fogkrem, mosogatoszer, kenyer, marhalabszar, alma, noi_polo, ferfi_polo, spagetti
macskaeledel, noi_polo, sampon, alma
muzli, mosogatoszer, barack, gyerekjatek, alma, barack, marhalabszar, kola, csipsz, marhalabszar, fogkefe, rizs
paprika, csipsz, csirkemell, kenyer, kola, muzli, tej, ceruzaelem, fogkefe, kenyer
spagetti, fazek, marhalabszar, rizs, rizs, disznokaraj, disznokaraj, paprika, paprika, tej, kola
ferfi_polo, csirkemell, marhalabszar
ceruzaelem, marhalabszar, marhalabszar, csirkemell, rizs, tej, macskaeledel, noi_polo, ferfi_polo, ferfi_polo, fogkrem, kola, csipsz
barack, macskaeledel
marhalabszar, mosogatoszer, mosogatoszer, gyerekjatek, spagetti, csirkemell, tej, sampon, rizs, csirkemell, fazek
marhalabszar, marhalabszar, asvanyviz, sampon, disznokaraj, barack
tej, fogkrem, fazek, noi_polo, tej, ceruzaelem, marhalabszar, csirkemell, macskaeledel
fazek, marhalabszar, barack, sampon, fogkefe, ferfi_polo, csipsz, kenyer
lekvar, kola, csipsz, kola, fazek, mosogatoszer, fazek, asvanyviz, paprika
asvanyviz, noi_polo, sampon, paprika, tej, csipsz, lekvar, paprika, tej
tojas, alma, csipsz, fogkefe
alma, alma, rizs, gyerekjatek, csipsz, disznokaraj, sampon, gyerekjatek
kola, fogkrem, asvanyviz, csipsz, paprika, ferfi_polo, csirkemell, muzli, barack, marhalabszar, csirkemell
paprika, macskaeledel, marhalabszar, fogkrem, muzli, fazek, asvanyviz
csipsz, mosogatoszer, kola, alma, noi_polo, tojas, ceruzaelem, asvanyviz
csirkemell, lekvar, spagetti, marhalabszar, mosogatoszer, tej, rizs, mosogatoszer, csirkemell, ferfi_polo, ceruzaelem
rizs, gyerekjatek, gyerekjatek, noi_polo
ferfi_polo, tojas, csipsz, sampon, marhalabszar, ceruzaelem, fogkrem, mosogatoszer, fogkefe, csipsz, tojas, asvanyviz
tojas, fogkefe
ceruzaelem, fogkefe, fazek, lekvar
paprika, ferfi_polo, marhalabszar, ceruzaelem, fogkefe, csipsz
asvanyviz, noi_polo, gyerekjatek, sampon, alma, asvanyviz, noi_polo, fogkrem, noi_polo
ceruzaelem, muzli, noi_polo, macskaeledel, gyerekjatek, rizs
mosogatoszer, lekvar, macskaeledel, marhalabszar, macskaeledel, alma, tej, lekvar, kola, lekvar
sampon, disznokaraj, barack, spagetti, tojas
fogkrem, tojas, kola, sampon, ceruzaelem, kenyer, sampon, spagetti, spagetti
fogkrem, barack, fogkefe
rizs, spagetti, fogkrem, csirkemell, noi_polo
tej, sampon, alma, sampon, disznokaraj
muzli, csipsz, fazek, asvanyviz, disznokaraj, spagetti, asvanyviz
lekvar, spagetti, mosogatoszer, paprika
tojas, gyerekjatek, tej, gyerekjatek, alma, sampon, barack, spagetti
kenyer, marhalabszar, asvanyviz, csirkemell, ferfi_polo, tojas, lekvar, sampon, lekvar
barack, ceruzaelem, ceruzaelem, rizs, fogkefe, macskaeledel
fogkrem, kenyer, kenyer, spagetti, gyerekjatek, alma
muzli, mosogatoszer, ceruzaelem, sampon, csipsz, marhalabszar, fazek, macskaeledel
csirkemell, rizs, lekvar, mosogatoszer, fogkrem, lekvar, macskaeledel
kola, noi_polo
paprika, fogkefe, disznokaraj, kenyer, muzli, csirkemell, paprika, tej
tojas, tojas, fogkefe, mosogatoszer, spagetti, paprika, marhalabszar, ferfi_polo, gyerekjatek, csipsz, csirkemell
disznokaraj, marhalabszar, tojas
disznokaraj, disznokaraj
ferfi_polo, muzli, marhalabszar, fazek, ferfi_polo, csipsz
barack, disznokaraj, tojas
barack, marhalabszar, kola, fazek, spagetti, tej, noi_polo, kenyer
macskaeledel, csipsz, muzli, lekvar, gyerekjatek
lekvar, tej, csirkemell, fogkefe, sampon, noi_polo
spagetti, macskaeledel, fogkrem, paprika, kenyer, ferfi_polo, mosogatoszer, marhalabszar
csirkemell, macskaeledel, fazek, noi_polo, sampon, fogkefe, ferfi_polo
muzli, fogkrem, tej, kenyer
spagetti, rizs, muzli, fogkefe, kenyer, disznokaraj, muzli
lekvar, sampon, fogkrem, kola, sampon, ceruzaelem, alma
tej, noi_polo, spagetti, csirkemell, paprika, paprika, kenyer, fazek
fogkefe, rizs, csipsz, sampon, rizs, lekvar, noi_polo, csirkemell
lekvar, spagetti, spagetti
csirkemell, noi_polo, lekvar, paprika, spagetti, fogkefe, mosogatoszer
lekvar, tej, csipsz
kenyer, csirkemell, lekvar
csipsz, csipsz, fogkrem, kola
csirkemell, rizs, rizs, csirkemell
kenyer, muzli
csipsz, macskaeledel, mosogatoszer, rizs, kenyer, marhalabszar, disznokaraj, ceruzaelem, barack
fogkefe, ferfi_polo, csipsz, fogkefe, disznokaraj, kola, sampon, sampon, csipsz, gyerekjatek, marhalabszar, fazek
barack, ceruzaelem, macskaeledel
tojas, paprika, tej, tej, marhalabszar
disznokaraj, alma, csipsz, fogkefe, macskaeledel, mosogatoszer, csipsz, macskaeledel
ferfi_polo, fogkrem, marhalabszar, asvanyviz
disznokaraj, sampon, csirkemell, muzli, rizs
disznokaraj, rizs, fazek
fogkefe, lekvar, paprika, csipsz, marhalabszar
ferfi_polo, alma, tojas, rizs
ceruzaelem, rizs, muzli, ceruzaelem, muzli, tej, noi_polo, rizs, sampon, macskaeledel
fazek, ferfi_polo, csipsz, barack, marhalabszar, gyerekjatek, spagetti
gyerekjatek, rizs
csirkemell, tojas, csirkemell, mosogatoszer, mosogatoszer
sampon, fazek, disznokaraj, macskaeledel, kenyer
csipsz, noi_polo, csirkemell, asvanyviz
asvanyviz, marhalabszar, spagetti, alma, kola, kenyer, macskaeledel
gyerekjatek, paprika, noi_polo, lekvar, fogkrem, rizs, csipsz, ferfi_polo, sampon, noi_polo
fazek, gyerekjatek, fazek, paprika, lekvar, marhalabszar, macskaeledel, paprika, ferfi_polo, muzli, csipsz, macskaeledel, tojas
asvanyviz, marhalabszar, tej, fogkefe
csipsz, barack, fazek, mosogatoszer, kola, rizs, muzli, fogkefe, csipsz, mosogatoszer
muzli, marhalabszar, tojas, noi_polo, barack
kenyer, macskaeledel, csirkemell, disznokaraj
csipsz, marhalabszar, spagetti, sampon, muzli, alma
asvanyviz, alma, spagetti, noi_polo, csirkemell
macskaeledel, macskaeledel, sampon, tojas, mosogatoszer, alma, spagetti, spagetti
ceruzaelem, barack, disznokaraj, spagetti, muzli, noi_polo, lekvar, kola, csipsz
mosogatoszer, fogkrem, asvanyviz, marhalabszar, lekvar, ceruzaelem, ferfi_polo, rizs
asvanyviz, mosogatoszer
ceruzaelem, gyerekjatek, fogkefe, tej, csipsz, asvanyviz
tej, fogkrem, kenyer, tej, barack, fogkrem, alma, barack
noi_polo, fazek
csipsz, kenyer, noi_polo, gyerekjatek, kola, tej, rizs, barack, fogkefe, spagetti, kola
spagetti, csirkemell, rizs, kenyer, fazek, csipsz, spagetti, tej, tej, noi_polo
kenyer, tej, csirkemell, noi_polo, gyerekjatek, csirkemell, tojas, ceruzaelem, csipsz, paprika, noi_polo, alma
ferfi_polo, paprika, spagetti, spagetti, asvanyviz, rizs
ferfi_polo, fogkefe, fogkefe, fazek, asvanyviz, marhalabszar, alma, disznokaraj, paprika
kenyer, csipsz, barack, sampon
disznokaraj, csipsz, ferfi_polo, barack, barack, gyerekjatek, mosogatoszer, marhalabszar, tojas, kenyer, kenyer, rizs
lekvar, tojas, fogkefe, csirkemell, ceruzaelem, marhalabszar
ferfi_polo, fazek, kenyer
lekvar, csipsz, barack, lekvar, disznokaraj, csipsz
lekvar, ferfi_polo
mosogatoszer, muzli, marhalabszar, muzli, fogkrem, marhalabszar, tej, marhalabszar, macskaeledel, disznokaraj
macskaeledel, barack, csipsz, asvanyviz, mosogatoszer, marhalabszar, gyerekjatek, barack
disznokaraj, ceruzaelem, ferfi_polo, mosogatoszer, marhalabszar, paprika, muzli, fogkrem, mosogatoszer, rizs
spagetti, noi_polo, lekvar
ceruzaelem, marhalabszar, fazek, rizs, barack, tej, muzli, csipsz
sampon, ceruzaelem, csipsz, fogkefe, sampon, gyerekjatek, noi_polo, mosogatoszer, gyerekjatek, sampon
asvanyviz, fogkrem, marhalabszar, spagetti, tej, kola, barack, tej, csirkemell
fazek, marhalabszar, tojas, fogkrem, lekvar, mosogatoszer, ferfi_polo, csipsz
csipsz, kola, tojas, csipsz, rizs, disznokaraj, noi_polo, alma, noi_polo, disznokaraj
kola, rizs, kenyer, asvanyviz, fazek, macskaeledel
tojas, csipsz, ferfi_polo, kenyer, gyerekjatek, mosogatoszer, noi_polo, gyerekjatek, barack, muzli
lekvar, lekvar, lekvar, ferfi_polo
mosogatoszer, marhalabszar, sampon, noi_polo, tojas
barack, fogkefe, csirkemell, csirkemell, mosogatoszer, sampon, macskaeledel
asvanyviz, lekvar, csirkemell, lekvar, muzli
sampon, sampon
csirkemell, noi_polo, spagetti, muzli, ceruzaelem, csipsz
rizs, noi_polo, marhalabszar, lekvar, tojas, ferfi_polo
marhalabszar, ferfi_polo, gyerekjatek, ferfi_polo, marhalabszar, disznokaraj, ferfi_polo, kola, csipsz, fogkrem, alma, tojas
asvanyviz, fogkefe
paprika, asvanyviz, mosogatoszer, kenyer, lekvar, marhalabszar, spagetti
barack, mosogatoszer, fogkrem, muzli, mosogatoszer
paprika, disznokaraj, macskaeledel, barack, fogkrem, noi_polo, barack, tojas
fogkrem, mosogatoszer, asvanyviz, spagetti, asvanyviz, tojas
spagetti, alma, noi_polo
kenyer, marhalabszar, tej, ferfi_polo
fogkrem, lekvar, marhalabszar, gyerekjatek, fazek, kola, alma, tojas
asvanyviz, csipsz, sampon, gyerekjatek, muzli, tej, tojas, mosogatoszer, lekvar, spagetti
ferfi_polo, lekvar, ferfi_polo, ferfi_polo, fazek, ceruzaelem
macskaeledel, ceruzaelem
asvanyviz, rizs, marhalabszar, csipsz, lekvar, lekvar
barack, fogkrem, fogkefe, spagetti, ceruzaelem, ferfi_polo, paprika, fazek
disznokaraj, csipsz, barack, fogkefe, kola, fazek, ferfi_polo, kola, barack, ferfi_polo
csipsz, noi_polo, tojas, disznokaraj
disznokaraj, barack, barack, kenyer, barack, gyerekjatek
fazek, spagetti
macskaeledel, kenyer, barack, fogkrem, asvanyviz, tej, csirkemell, ceruzaelem, barack, fogkefe
sampon, disznokaraj, rizs, paprika, spagetti, fogkrem, asvanyviz
sampon, asvanyviz, csipsz, ceruzaelem, csirkemell, gyerekjatek, macskaeledel
rizs, tej, paprika, tej, muzli
kola, asvanyviz, ferfi_polo, disznokaraj, paprika, csirkemell, csipsz, marhalabszar, paprika, macskaeledel, fogkefe
fogkrem, csipsz, mosogatoszer, fogkefe
disznokaraj, tojas, muzli, alma, tojas, ferfi_polo, alma, marhalabszar, disznokaraj
csirkemell, csipsz, fogkrem, macskaeledel, kenyer, gyerekjatek, sampon, kola, tej
kenyer, fazek, fazek, noi_polo, marhalabszar, macskaeledel, csipsz, ferfi_polo, noi_polo
asvanyviz, kola, sampon
asvanyviz, csipsz, fogkrem, mosogatoszer, noi_polo, csipsz
macskaeledel, macskaeledel, alma, tojas, lekvar, rizs, spagetti, fazek, paprika, fazek, kola
csipsz, kenyer, kola, marhalabszar, barack, tej, lekvar, lekvar, kola, mosogatoszer
csirkemell, kenyer
tojas, macskaeledel, macskaeledel, fogkefe, kola, spagetti
asvanyviz, alma, barack, rizs, disznokaraj, alma, disznokaraj, fogkrem, fogkefe, asvanyviz
ceruzaelem, csirkemell, ferfi_polo, lekvar, csirkemell, marhalabszar, lekvar
mosogatoszer, kola
asvanyviz, fogkrem, paprika, alma
paprika, lekvar, spagetti, paprika
sampon, fazek, muzli, csirkemell, rizs, csipsz, marhalabszar, fogkrem
sampon, csirkemell, disznokaraj, mosogatoszer, rizs, tojas, fogkrem, csirkemell, alma
fogkrem, spagetti, asvanyviz, ceruzaelem
fazek, mosogatoszer, fogkefe, csipsz
noi_polo, noi_polo
csipsz, macskaeledel, fogkrem, gyerekjatek, gyerekjatek
asvanyviz, tojas
mosogatoszer, fazek, paprika, kola, marhalabszar, kola
ceruzaelem, tej, ceruzaelem, tojas, asvanyviz, csipsz
csirkemell, kenyer, fogkefe, macskaeledel, ceruzaelem, csipsz, noi_polo, spagetti, marhalabszar, tej, csipsz
noi_polo, spagetti, sampon, tojas, macskaeledel, tej, macskaeledel, fogkrem, kola, sampon
kola, csipsz, csirkemell, kenyer, tojas
spagetti, sampon
marhalabszar, macskaeledel
csirkemell, kenyer, rizs, sampon, marhalabszar
paprika, disznokaraj, noi_polo, rizs, tej, kola
sampon, marhalabszar, tojas, rizs, spagetti, rizs, marhalabszar, ferfi_polo, mosogatoszer, gyerekjatek
asvanyviz, asvanyviz, barack, asvanyviz, ceruzaelem, sampon, macskaeledel, mosogatoszer, spagetti, spagetti, disznokaraj
marhalabszar, macskaeledel, fazek, ceruzaelem, csipsz, ferfi_polo, fogkefe, ferfi_polo, gyerekjatek, noi_polo
fogkefe, alma, csirkemell, fazek, tojas, noi_polo, noi_polo
sampon, barack, lekvar
csirkemell, csirkemell, paprika, rizs, macskaeledel, fogkefe, mosogatoszer, disznokaraj, csirkemell
gyerekjatek, fogkrem, barack, csipsz, noi_polo
barack, tojas, muzli
sampon, ceruzaelem
kenyer, lekvar, sampon, spagetti, csirkemell, kola, asvanyviz, spagetti, ceruzaelem, ceruzaelem
fogkrem, ferfi_polo, ceruzaelem, ceruzaelem, marhalabszar, macskaeledel
ferfi_polo, marhalabszar, paprika, mosogatoszer
kenyer, sampon, muzli, sampon, spagetti, paprika, tojas
csirkemell, tej, rizs, tej, asvanyviz, marhalabszar, alma
csipsz, rizs, tojas
ceruzaelem, tojas, tojas
muzli, ferfi_polo, mosogatoszer, marhalabszar, disznokaraj, ferfi_polo
spagetti, lekvar, kenyer, marhalabszar, fazek, macskaeledel, marhalabszar
rizs, tojas, alma, fogkrem
