muzli, fazek, ferfi_polo, kenyer, fazek
marhalabszar, muzli, spagetti, macskaeledel, asvanyviz, asvanyviz, sampon
marhalabszar, barack, ceruzaelem, ferfi_polo, csipsz, fogkrem, noi_polo, barack
tej, tojas
kola, spenot, tojas, csipsz, alma, spagetti, mosogatoszer, macskaeledel
muzli, ferfi_polo, marhalabszar, ceruzaelem
kola, mosogatoszer, rizs, fogkrem, tojas, csipsz, sampon, alma, gyerekjatek, fazek
ceruzaelem, spenot, rizs, disznokaraj, alma, sampon, csirkemell, csirkemell
kenyer, marhalabszar, sampon, muzli, fazek, fogkrem, tej
csipsz, kenyer, sampon, marhalabszar, alma, ferfi_polo, asvanyviz, ceruzaelem
kola, csirkemell, fazek, muzli, csirkemell, muzli
macskaeledel, kola, tej, fazek, macskaeledel, spenot, muzli
muzli, sampon, spenot, disznokaraj, spenot, ceruzaelem, fogkrem, barack, gyerekjatek, macskaeledel, asvanyviz
kola, mosogatoszer, muzli, fogkrem, ceruzaelem, muzli, mosogatoszer, sampon, tojas
fogkrem, gyerekjatek, macskaeledel, marhalabszar, fazek, csipsz, ferfi_polo, fogkrem, tojas, alma, spagetti, fogkrem
noi_polo, csipsz, csirkemell
barack, macskaeledel, tojas, tojas, mosogatoszer, noi_polo, sampon, marhalabszar, noi_polo, spagetti
kola, marhalabszar, alma, kenyer, ferfi_polo
kenyer, disznokaraj
spagetti, barack
noi_polo, noi_polo, mosogatoszer, tojas, noi_polo, parna, parna, noi_polo, mosogatoszer, barack
kenyer, alma, spagetti, sampon
muzli, ferfi_polo, sampon, alma, ferfi_polo, gyerekjatek, spagetti, marhalabszar, sampon, ferfi_polo, asvanyviz
tej, fazek, disznokaraj, csipsz
tojas, rizs, rizs, macskaeledel, parna, mosogatoszer, macskaeledel, gyerekjatek, tej, asvanyviz
barack, tojas, marhalabszar, csirkemell, asvanyviz, kenyer
macskaeledel, spagetti, macskaeledel, fazek, mosogatoszer, tej, spenot, macskaeledel, disznokaraj
spenot, ferfi_polo, kenyer, marhalabszar
kenyer, csipsz, ferfi_polo, mosogatoszer
sampon, parna, kenyer
fazek, gyerekjatek, tej, fazek, tej, csipsz
muzli, ceruzaelem, csipsz, ferfi_polo, alma, ceruzaelem
kola, asvanyviz, asvanyviz, mosogatoszer, barack, alma, marhalabszar, ferfi_polo, fogkrem, alma, tej
marhalabszar, fazek, alma, tojas, muzli, alma, barack, tojas, tej
noi_polo, alma, sampon, macskaeledel
parna, kola, tojas, macskaeledel, spenot, parna, kola, muzli
kola, ferfi_polo, tej
ceruzaelem, spagetti, csipsz, barack, macskaeledel, rizs, tojas, parna, gyerekjatek, rizs
ferfi_polo, csirkemell, tojas, gyerekjatek, sampon, barack, marhalabszar, mosogatoszer, csipsz, marhalabszar, asvanyviz
csirkemell, csipsz, csirkemell, gyerekjatek, alma, kenyer
macskaeledel, kenyer, spenot, kola, fazek, macskaeledel, tojas
rizs, sampon, tej, csirkemell, asvanyviz
macskaeledel, muzli, ferfi_polo, kola, rizs, marhalabszar, ceruzaelem
rizs, csipsz, asvanyviz, tej
fogkrem, alma, muzli, alma, spenot
barack, tej, ferfi_polo, asvanyviz, disznokaraj, noi_polo, marhalabszar, kenyer, spenot
ceruzaelem, ferfi_polo, parna, csirkemell, tojas, barack, fogkrem, marhalabszar, csirkemell
tej, asvanyviz, rizs, macskaeledel, noi_polo, fogkrem, barack, fogkrem, tojas, fogkrem
fogkrem, csirkemell, marhalabszar, tojas, alma, noi_polo, sampon, parna, noi_polo, ferfi_polo, spagetti
tojas, alma, disznokaraj, barack, ferfi_polo, ferfi_polo, kola
spagetti, sampon, alma, macskaeledel, spagetti
kola, csipsz, spagetti, alma, rizs, tej
csirkemell, asvanyviz, csirkemell, kenyer, alma, fogkrem, tej
noi_polo, kenyer, mosogatoszer, csipsz, fogkrem, macskaeledel
fogkrem, fogkrem, tej, spagetti, mosogatoszer, sampon, parna, spenot, csipsz, sampon
kenyer, asvanyviz, fazek, spenot, tej
fazek, sampon, csipsz, csipsz, marhalabszar, sampon, gyerekjatek
fazek, sampon, kenyer, muzli, tej, spagetti, spagetti, mosogatoszer
spenot, spenot, kenyer
spagetti, gyerekjatek, gyerekjatek, tojas, rizs, csipsz, parna, kenyer, csipsz, muzli
tej, csirkemell, rizs, csipsz
noi_polo, mosogatoszer, csipsz, csipsz, gyerekjatek
tej, barack, macskaeledel, noi_polo, barack, disznokaraj, kola, rizs, csipsz, spagetti
tej, sampon, tojas, sampon, spagetti, noi_polo, muzli, barack
spagetti, kola, barack, ferfi_polo, sampon, alma, fogkrem, marhalabszar, marhalabszar, ceruzaelem
tej, ceruzaelem
rizs, marhalabszar, fogkrem, sampon, alma, ceruzaelem, parna, parna
csipsz, spagetti, ferfi_polo, gyerekjatek, ceruzaelem, marhalabszar, asvanyviz, rizs, tej, gyerekjatek, macskaeledel, noi_polo
marhalabszar, muzli, sampon, rizs, ceruzaelem, csirkemell, tej, gyerekjatek
csirkemell, tej, tojas, kola, ceruzaelem, tej
noi_polo, csipsz, marhalabszar, barack, kola, kola
tej, marhalabszar, fazek, rizs, muzli, mosogatoszer, kenyer
gyerekjatek, spenot, barack, tojas, fazek
tej, tej, parna
kenyer, tojas, muzli, noi_polo, alma, marhalabszar
spenot, muzli, muzli, tojas, mosogatoszer
spagetti, marhalabszar
tojas, fazek, tej, barack, fazek, ceruzaelem
muzli, disznokaraj, muzli, fazek
fazek, ceruzaelem, kola, csirkemell, fogkrem
parna, csirkemell, kenyer, asvanyviz, spagetti, csipsz, disznokaraj, gyerekjatek, kenyer
ceruzaelem, gyerekjatek, macskaeledel, fogkrem, fazek, marhalabszar
disznokaraj, parna, barack, gyerekjatek, spagetti
kenyer, ceruzaelem, marhalabszar, noi_polo, gyerekjatek, mosogatoszer, disznokaraj, kola, spagetti, tej
 tej, disznokaraj
csirkemell, tojas, marhalabszar, fogkrem, sampon, ferfi_polo
gyerekjatek, spenot, rizs, csipsz, alma, spenot
tej, csirkemell
disznokaraj, tojas, rizs, spagetti, kola, kenyer, fazek
kenyer, rizs, mosogatoszer, csipsz, asvanyviz
fazek, gyerekjatek, fogkrem, marhalabszar
marhalabszar, sampon, gyerekjatek, noi_polo, noi_polo, parna, csipsz, spenot, noi_polo
fazek, disznokaraj
csirkemell, ferfi_polo, spenot, disznokaraj, noi_polo, alma, kenyer, fazek, marhalabszar, muzli, tej
disznokaraj, spenot, asvanyviz, sampon, asvanyviz, tojas
spagetti, parna, tojas
rizs, muzli, asvanyviz, sampon, alma, csirkemell, ferfi_polo, fogkrem, noi_polo, ceruzaelem
asvanyviz, sampon, rizs, muzli, csipsz, macskaeledel, macskaeledel, gyerekjatek, noi_polo, asvanyviz, tojas, gyerekjatek
sampon, spenot, fazek, spenot, kenyer, fogkrem
csirkemell, kenyer, sampon, barack, muzli
muzli, fogkrem, fazek, tojas, macskaeledel, sampon, parna, csipsz
spagetti, spagetti, disznokaraj, alma, ceruzaelem, spagetti, noi_polo, kenyer
spenot, gyerekjatek, muzli, barack, ceruzaelem, kola, csirkemell, csirkemell, barack, disznokaraj
marhalabszar, sampon, noi_polo, csipsz, barack
csirkemell, muzli, tojas, spagetti, disznokaraj, spenot
noi_polo, spagetti, barack
sampon, barack, marhalabszar, ceruzaelem, disznokaraj, muzli
rizs, parna, rizs
fazek, noi_polo, csirkemell, spagetti, csirkemell, csirkemell, csipsz
barack, asvanyviz, tojas, barack, muzli, muzli, fogkrem, sampon, spenot
alma, alma, csipsz, asvanyviz, disznokaraj, gyerekjatek, ceruzaelem
muzli, tojas, disznokaraj, csirkemell
sampon, rizs, gyerekjatek, sampon, ferfi_polo, gyerekjatek, tojas, disznokaraj, tojas, csipsz, kola
mosogatoszer, spenot
muzli, ceruzaelem, spagetti
kenyer, marhalabszar
gyerekjatek, csipsz, alma, tojas, kenyer, disznokaraj
disznokaraj, tojas
csirkemell, tojas, rizs, ferfi_polo, sampon, disznokaraj, kola, marhalabszar
alma, spenot
disznokaraj, noi_polo, csirkemell, macskaeledel, macskaeledel, fazek
parna, tojas, marhalabszar, fazek, mosogatoszer, ceruzaelem, noi_polo, fogkrem, alma
kenyer, fazek
csipsz, tojas, ferfi_polo, tej, kola, mosogatoszer, kenyer, fogkrem, fazek, parna, kola
muzli, disznokaraj, rizs, muzli
asvanyviz, macskaeledel, gyerekjatek, alma, sampon, csipsz, ferfi_polo, csipsz, spenot, rizs, barack
spagetti, macskaeledel, fogkrem, asvanyviz
fogkrem, ceruzaelem, ferfi_polo, ceruzaelem, noi_polo, marhalabszar, rizs, kenyer
macskaeledel, gyerekjatek, barack, kenyer, csipsz, marhalabszar
macskaeledel, muzli
ceruzaelem, spagetti, tej, noi_polo, kenyer, kola
fazek, fazek, rizs
marhalabszar, sampon, spagetti, sampon, rizs, kenyer, parna, ferfi_polo
rizs, rizs, disznokaraj, kola
tojas, barack, mosogatoszer, kola, muzli, alma
barack, rizs, barack, mosogatoszer
noi_polo, disznokaraj, kola, alma, barack, fazek, fazek
ferfi_polo, ferfi_polo, rizs, spenot
csirkemell, parna, ferfi_polo, marhalabszar, ferfi_polo, barack, tojas, tojas
tojas, barack
kenyer, spenot, mosogatoszer, fazek, noi_polo, sampon, spagetti, kola, parna
mosogatoszer, csirkemell, noi_polo
barack, kola, asvanyviz
csipsz, kola, csipsz, parna, ferfi_polo, noi_polo, rizs, gyerekjatek, mosogatoszer, macskaeledel, disznokaraj
disznokaraj, spenot, asvanyviz, ceruzaelem, asvanyviz, tojas, rizs, ferfi_polo, macskaeledel, kola, marhalabszar
kenyer, csirkemell, spagetti
marhalabszar, ceruzaelem, fogkrem, muzli
macskaeledel, kola, sampon, ceruzaelem, parna, kola, alma, kenyer
barack, ceruzaelem, kenyer, ferfi_polo
spagetti, tej
tojas, tej, marhalabszar, tej, fogkrem, csipsz, disznokaraj, fazek, muzli, ferfi_polo, spenot, ferfi_polo
parna, tojas
macskaeledel, muzli, ferfi_polo, mosogatoszer, csirkemell, macskaeledel, parna, noi_polo, kola, sampon, spenot
macskaeledel, tej
tojas, csirkemell, disznokaraj, fazek
rizs, fazek, csirkemell
spagetti, ferfi_polo, disznokaraj, ceruzaelem, asvanyviz, mosogatoszer, spenot
fogkrem, parna
alma, ferfi_polo, muzli, marhalabszar
asvanyviz, tojas, disznokaraj, csipsz, parna, marhalabszar, tej, rizs, mosogatoszer, asvanyviz
disznokaraj, csirkemell, csirkemell
ferfi_polo, noi_polo, ferfi_polo, marhalabszar, parna, disznokaraj, fazek, macskaeledel, tej
barack, kenyer, asvanyviz, ceruzaelem, mosogatoszer, csirkemell, rizs, csipsz
ceruzaelem, csirkemell, kola, barack, macskaeledel, tojas, kenyer, noi_polo, csirkemell, fazek
ceruzaelem, marhalabszar, alma, alma, ceruzaelem, noi_polo, spenot
fogkrem, macskaeledel, fazek, sampon
macskaeledel, kola, disznokaraj, fazek
macskaeledel, csipsz, disznokaraj, spenot, macskaeledel, fogkrem, gyerekjatek, marhalabszar, gyerekjatek
csipsz, kola
tej, asvanyviz, marhalabszar, csirkemell
muzli, rizs, ceruzaelem, muzli, disznokaraj
sampon, rizs, asvanyviz, fazek, asvanyviz
fazek, csipsz, fogkrem, marhalabszar, gyerekjatek, disznokaraj
gyerekjatek, kola, fazek, marhalabszar, disznokaraj, csipsz, spagetti, rizs, disznokaraj, parna
noi_polo, kenyer, kenyer, muzli, kenyer
tojas, rizs, disznokaraj, ceruzaelem, fogkrem, kenyer, disznokaraj, marhalabszar, fogkrem, fogkrem, sampon
alma, rizs, spenot, tojas
sampon, spagetti, csipsz, spenot, disznokaraj, kenyer, barack, disznokaraj, ferfi_polo, alma
alma, disznokaraj, muzli
parna, disznokaraj, asvanyviz, spagetti, rizs, fazek, spagetti, csipsz, barack, fogkrem, noi_polo
asvanyviz, muzli, noi_polo, macskaeledel, fazek, spenot, barack, macskaeledel
noi_polo, mosogatoszer, marhalabszar
disznokaraj, ferfi_polo, tej, asvanyviz, fogkrem, alma, kola, marhalabszar, ceruzaelem, gyerekjatek
disznokaraj, parna, tej
macskaeledel, noi_polo
csirkemell, gyerekjatek, muzli, tojas, disznokaraj, kola, csirkemell, kola, csipsz, kola, marhalabszar
disznokaraj, tej, rizs, csirkemell, muzli, noi_polo, fogkrem, disznokaraj, marhalabszar
ferfi_polo, barack, spenot, mosogatoszer, parna, marhalabszar, sampon, csirkemell, mosogatoszer, kenyer
parna, spagetti, parna, asvanyviz, tej, ferfi_polo, macskaeledel, spagetti, marhalabszar, asvanyviz
spagetti, ceruzaelem, tojas, parna, marhalabszar
parna, csipsz
tej, barack, sampon, csipsz, tojas
ferfi_polo, parna, tojas
mosogatoszer, disznokaraj, muzli, alma, parna, csirkemell, mosogatoszer, rizs
ferfi_polo, tej, noi_polo, alma, sampon, ferfi_polo, spenot, marhalabszar, kola
parna, spenot, tej, muzli, spagetti, muzli, mosogatoszer, spenot
ferfi_polo, parna, marhalabszar, spagetti, fazek
tej, kola, spagetti, ceruzaelem, barack
disznokaraj, spagetti, noi_polo, noi_polo
parna, mosogatoszer
csipsz, spenot, tojas, disznokaraj, disznokaraj, fogkrem, noi_polo, disznokaraj
kola, noi_polo, barack
csipsz, noi_polo, barack, kenyer
gyerekjatek, parna, gyerekjatek, barack, fazek, marhalabszar, csipsz, marhalabszar, parna, asvanyviz, gyerekjatek
kenyer, sampon, csirkemell, rizs, spagetti, alma, kola, csirkemell, asvanyviz, rizs, spenot
csipsz, csipsz, fogkrem, spagetti, csirkemell, gyerekjatek, fazek, ceruzaelem, spagetti, rizs, spagetti
rizs, mosogatoszer, alma, macskaeledel, noi_polo, spagetti, alma, csipsz, tej, fogkrem
disznokaraj, muzli, spenot, asvanyviz, ceruzaelem, sampon, alma, fazek
spagetti, gyerekjatek, parna
mosogatoszer, fazek, parna, csipsz, fogkrem, tej, tojas, tojas
disznokaraj, macskaeledel, barack, csipsz, csirkemell, ferfi_polo, macskaeledel, kola, csirkemell, tej
gyerekjatek, csipsz, tej, parna, fazek, fazek, fazek, ferfi_polo, tojas
marhalabszar, gyerekjatek
asvanyviz, spagetti, parna, mosogatoszer, spagetti, noi_polo, kenyer
spenot, rizs, alma
macskaeledel, muzli, ferfi_polo, disznokaraj, spagetti, asvanyviz, fazek
ferfi_polo, asvanyviz, ceruzaelem, fogkrem, sampon
tej, alma, tej, disznokaraj, gyerekjatek, marhalabszar, ferfi_polo, disznokaraj, csipsz, ferfi_polo
ferfi_polo, tej, parna, gyerekjatek, fogkrem, mosogatoszer, csipsz, rizs, csipsz
fazek, macskaeledel, disznokaraj, tej, fogkrem, csipsz, noi_polo
macskaeledel, alma, tojas
kola, tojas, muzli, tojas, muzli, macskaeledel, macskaeledel, tojas, kola, asvanyviz
marhalabszar, tojas, noi_polo, ceruzaelem, macskaeledel, kenyer, csirkemell, gyerekjatek, barack, disznokaraj
tej, kola, macskaeledel
spenot, fogkrem, fazek, ferfi_polo, rizs, ceruzaelem, tojas, gyerekjatek, asvanyviz, mosogatoszer
csirkemell, tojas, barack, ceruzaelem, marhalabszar, asvanyviz, barack, ferfi_polo
kenyer, disznokaraj, asvanyviz, kenyer, gyerekjatek
macskaeledel, marhalabszar, kola, sampon, ferfi_polo
rizs, gyerekjatek, mosogatoszer, spenot, rizs, kola, ceruzaelem, ceruzaelem, mosogatoszer, csipsz, rizs, noi_polo
macskaeledel, fogkrem, ferfi_polo, ceruzaelem, tojas, fogkrem, ferfi_polo, macskaeledel, macskaeledel
mosogatoszer, fogkrem, fazek, kola, asvanyviz, sampon, disznokaraj, spenot
sampon, spenot, ferfi_polo, tojas, csipsz, kenyer, tojas, marhalabszar, mosogatoszer, tojas, spenot, ceruzaelem
spenot, csipsz, tej
gyerekjatek, tojas, sampon, rizs, gyerekjatek, fogkrem, csipsz
csipsz, rizs, sampon, asvanyviz, muzli
tojas, asvanyviz, tej, tej, gyerekjatek, kenyer
asvanyviz, macskaeledel, fazek, disznokaraj, kola, spenot, kola, marhalabszar, csirkemell, disznokaraj, barack
kola, kenyer, macskaeledel, mosogatoszer, spagetti, asvanyviz
noi_polo, tej, spenot, macskaeledel, spenot, sampon, gyerekjatek, macskaeledel, spagetti
gyerekjatek, barack, barack
spenot, csirkemell, fazek
macskaeledel, kenyer, fazek, ferfi_polo, disznokaraj, muzli, spenot, marhalabszar, csirkemell
alma, ceruzaelem, fogkrem
spagetti, sampon, disznokaraj, spenot, ceruzaelem
ceruzaelem, muzli, csirkemell, spagetti, macskaeledel, kola, kenyer, spagetti
mosogatoszer, kola, tej, csipsz, mosogatoszer, mosogatoszer, fazek, disznokaraj, kola, spagetti, kenyer
asvanyviz, mosogatoszer, disznokaraj
tojas, asvanyviz, tojas, gyerekjatek, ceruzaelem, csipsz, barack, marhalabszar, spagetti
disznokaraj, alma
kola, macskaeledel, alma, spagetti, gyerekjatek, csipsz
kola, spenot, muzli, fazek, marhalabszar, fazek, gyerekjatek, spagetti, marhalabszar, sampon
disznokaraj, barack, spenot, noi_polo
fazek, rizs, barack, disznokaraj, csirkemell, spenot, alma
fogkrem, spenot
sampon, disznokaraj
kenyer, tojas, rizs, ferfi_polo, marhalabszar, csirkemell, parna, csirkemell, muzli, tojas
muzli, asvanyviz, marhalabszar, sampon, tej, csirkemell, kola
kola, noi_polo, spenot, mosogatoszer, mosogatoszer, tojas, alma, marhalabszar
csirkemell, alma, tojas, spenot, fazek, ceruzaelem, spenot, fazek, asvanyviz, disznokaraj, asvanyviz
marhalabszar, csipsz, fogkrem, ferfi_polo, sampon
ceruzaelem, kola, noi_polo, alma, kenyer, csipsz, kenyer, rizs
ceruzaelem, kola, ceruzaelem, tojas, tej, ferfi_polo, tojas, spenot, ferfi_polo, kola
alma, csipsz, spenot, rizs, spenot, gyerekjatek, tej, asvanyviz, tej, spagetti, barack
mosogatoszer, marhalabszar, fazek, kola, ferfi_polo, gyerekjatek, sampon, parna, alma, marhalabszar, fazek, sampon
kola, mosogatoszer, mosogatoszer, mosogatoszer, csirkemell, disznokaraj, sampon, mosogatoszer, macskaeledel
asvanyviz, csirkemell, tojas, disznokaraj, parna, fogkrem, tej, csirkemell, rizs
marhalabszar, spagetti, mosogatoszer, disznokaraj, asvanyviz, csirkemell, tej, barack, alma
asvanyviz, sampon, kenyer, asvanyviz, alma, kola, fazek, noi_polo, macskaeledel, ceruzaelem
macskaeledel, alma, muzli, csipsz, noi_polo, noi_polo, spenot, mosogatoszer, tej, barack, gyerekjatek
ferfi_polo, fogkrem, tej, alma, tojas, muzli, ferfi_polo, marhalabszar, macskaeledel, mosogatoszer, parna
alma, gyerekjatek, mosogatoszer, parna, kenyer, fazek, csirkemell, csipsz, parna, marhalabszar
csirkemell, disznokaraj, fogkrem, muzli, mosogatoszer, csirkemell, macskaeledel, muzli
noi_polo, tej, macskaeledel, mosogatoszer, spenot
barack, csirkemell, disznokaraj
fogkrem, kola, kola, alma
barack, csipsz, fazek, noi_polo, noi_polo, muzli, macskaeledel, fazek, rizs, spagetti
spenot, muzli, noi_polo, mosogatoszer, tej
tojas, parna, marhalabszar, spenot, alma
kola, sampon, csirkemell, spenot, rizs, tej, kenyer, asvanyviz
kenyer, disznokaraj, marhalabszar, ceruzaelem, sampon, ferfi_polo, alma, sampon
csirkemell, parna, macskaeledel
marhalabszar, kenyer, disznokaraj, fazek, spenot, ferfi_polo, csirkemell, marhalabszar, rizs
alma, kenyer, alma, fazek, fazek, alma, spagetti, spenot, ceruzaelem
disznokaraj, fogkrem, rizs, rizs, alma, kenyer, spagetti, spenot, noi_polo, fazek
tej, kenyer, spagetti, fogkrem, csipsz, alma, muzli, fogkrem, fogkrem, rizs
disznokaraj, spagetti, csipsz, marhalabszar, spenot, mosogatoszer, asvanyviz, tojas, csipsz
sampon, marhalabszar, kola, csipsz
parna, ferfi_polo, marhalabszar, alma
kola, noi_polo, csipsz, macskaeledel, asvanyviz
mosogatoszer, barack, csirkemell, ceruzaelem, fazek, alma, muzli
gyerekjatek, barack, noi_polo, csipsz, csirkemell
asvanyviz, mosogatoszer, rizs
ferfi_polo, alma, muzli, rizs, fogkrem, marhalabszar, disznokaraj
ceruzaelem, macskaeledel, spenot, sampon
fogkrem, parna, kenyer, rizs, sampon
tojas, tojas, rizs, disznokaraj, marhalabszar, fazek
tojas, mosogatoszer, ferfi_polo, marhalabszar, macskaeledel, fazek, spenot, parna, muzli, sampon, fazek
ferfi_polo, muzli, tojas, kola, disznokaraj, asvanyviz, fogkrem, marhalabszar, gyerekjatek, fazek, csirkemell
ferfi_polo, gyerekjatek, parna, asvanyviz, barack, marhalabszar, csipsz, ferfi_polo
tej, fazek
noi_polo, csipsz, tej, kola, kola, fogkrem
tojas, spenot, marhalabszar, fogkrem, macskaeledel, noi_polo
fazek, fogkrem
fazek, kenyer, macskaeledel, parna, muzli, csirkemell, alma, fazek, kola, spenot
ceruzaelem, spenot, barack, fazek, macskaeledel, fogkrem
csirkemell, noi_polo, kola, kenyer, csipsz
csipsz, gyerekjatek, rizs
gyerekjatek, kola, tej, kola, macskaeledel, csirkemell
csirkemell, csirkemell, muzli, macskaeledel, parna, mosogatoszer, mosogatoszer, ceruzaelem
fazek, disznokaraj, csirkemell, parna, fogkrem, muzli, gyerekjatek, tej, asvanyviz
noi_polo, barack, fogkrem, csipsz, marhalabszar, parna, barack, csipsz, rizs
marhalabszar, rizs, disznokaraj, fogkrem, spenot, kenyer, tej, sampon
kenyer, kola, csipsz, tojas, marhalabszar, mosogatoszer, gyerekjatek, ferfi_polo, fogkrem
fogkrem, rizs, sampon, kenyer, macskaeledel, muzli, sampon, disznokaraj, rizs, spagetti, noi_polo
fogkrem, marhalabszar, asvanyviz, parna, rizs, ferfi_polo, ferfi_polo, ceruzaelem, sampon, kola
tojas, spagetti, asvanyviz, ceruzaelem, csipsz, marhalabszar, csirkemell
parna, macskaeledel, barack, ferfi_polo, noi_polo, marhalabszar, fazek, tej, ceruzaelem, ceruzaelem
fogkrem, alma
fogkrem, ceruzaelem, fazek, mosogatoszer, muzli, disznokaraj
tojas, kola
ferfi_polo, fazek, kola, marhalabszar, noi_polo, noi_polo, marhalabszar, tej, spagetti
macskaeledel, ceruzaelem, spagetti, csirkemell, mosogatoszer, alma, disznokaraj, csirkemell, kenyer, fogkrem
muzli, csirkemell, spagetti, fazek
noi_polo, noi_polo, kola, csipsz
noi_polo, sampon
kenyer, kenyer
parna, alma, kenyer, barack, mosogatoszer, fazek, gyerekjatek, alma
csipsz, spagetti, csirkemell, gyerekjatek, noi_polo, kenyer, muzli, mosogatoszer
mosogatoszer, csipsz, sampon, ceruzaelem, ferfi_polo, noi_polo, barack, marhalabszar, ferfi_polo, noi_polo, muzli
mosogatoszer, alma, alma, fazek, disznokaraj, marhalabszar, ferfi_polo, sampon
noi_polo, csirkemell, ceruzaelem, mosogatoszer, alma, sampon, parna, asvanyviz, asvanyviz, muzli
tojas, kenyer, kola
csirkemell, ceruzaelem
parna, csirkemell, disznokaraj, fogkrem, spagetti, kola, disznokaraj, csipsz, mosogatoszer, marhalabszar, spagetti
barack, muzli
spagetti, barack, parna, marhalabszar
spenot, rizs, marhalabszar, kola, muzli, disznokaraj, spenot, macskaeledel, macskaeledel, csirkemell, spagetti
barack, noi_polo, mosogatoszer, noi_polo, tojas, fazek, mosogatoszer, tojas, sampon
noi_polo, disznokaraj, ceruzaelem, rizs, alma, tojas, mosogatoszer, csipsz, kenyer, csipsz
mosogatoszer, ceruzaelem, sampon, gyerekjatek, fogkrem, kenyer, mosogatoszer, marhalabszar, csipsz, fogkrem, spagetti
asvanyviz, sampon, spenot, marhalabszar, mosogatoszer, ceruzaelem, macskaeledel, tej
alma, macskaeledel, fazek
noi_polo, csipsz, sampon, gyerekjatek, macskaeledel, alma, kola, noi_polo, spagetti, alma
sampon, csipsz, spenot, barack, noi_polo, gyerekjatek, kola, fogkrem, fogkrem, sampon
csirkemell, sampon, kenyer, spenot, kenyer, csipsz, noi_polo, csirkemell, macskaeledel, rizs, tojas
asvanyviz, ceruzaelem, asvanyviz, fogkrem, macskaeledel, fogkrem, parna
rizs, sampon, spenot, sampon
ceruzaelem, parna, asvanyviz, fazek, ceruzaelem
tojas, ceruzaelem, barack, muzli, rizs, kenyer, kola, muzli, kenyer, asvanyviz, csipsz
macskaeledel, spenot, macskaeledel, disznokaraj, spenot, tojas, macskaeledel, spenot
disznokaraj, disznokaraj, marhalabszar
fazek, barack, tej, spenot
tej, noi_polo, macskaeledel, spenot, spagetti
fogkrem, fazek, fogkrem, sampon, sampon
kola, mosogatoszer
csipsz, gyerekjatek, marhalabszar, ceruzaelem, ferfi_polo, noi_polo, barack
alma, ferfi_polo, alma
sampon, alma
macskaeledel, spagetti, kenyer, tojas, tej, disznokaraj, tojas
ceruzaelem, fogkrem, kola, csirkemell, spagetti, rizs, csirkemell, ferfi_polo
gyerekjatek, noi_polo, marhalabszar, rizs
ceruzaelem, csipsz
kola, ferfi_polo, asvanyviz, asvanyviz, disznokaraj
csipsz, parna, alma, asvanyviz, ceruzaelem, kenyer, spagetti, fogkrem
marhalabszar, parna
alma, gyerekjatek, marhalabszar, ceruzaelem, muzli, csipsz, ferfi_polo
tojas, fogkrem, kola
tej, ferfi_polo, ferfi_polo, ceruzaelem, fogkrem, alma, fogkrem
fazek, ferfi_polo, asvanyviz, alma, tojas, tej, noi_polo, kenyer, kenyer, muzli, fogkrem
ceruzaelem, muzli, kenyer, tojas
tej, ceruzaelem, ferfi_polo, fogkrem, muzli, spagetti, barack, muzli, mosogatoszer, spenot, spenot
tej, alma, marhalabszar, marhalabszar, disznokaraj, marhalabszar, alma, kola, kola
tej, fogkrem, muzli
noi_polo, marhalabszar, fazek, gyerekjatek, kenyer, rizs, alma
macskaeledel, marhalabszar, gyerekjatek, ferfi_polo, spenot
fazek, disznokaraj, spenot, rizs, spagetti
sampon, sampon, kenyer, barack, mosogatoszer, kola, parna, asvanyviz, sampon
muzli, spenot, parna, mosogatoszer, kola, marhalabszar, fazek
macskaeledel, spenot, sampon, barack, muzli
noi_polo, rizs, gyerekjatek, spagetti, csipsz, tej, disznokaraj, tojas, csipsz, gyerekjatek, gyerekjatek
kenyer, disznokaraj, tej, disznokaraj
csipsz, tej, gyerekjatek, kenyer, tojas, kenyer
muzli, noi_polo, marhalabszar, spagetti, kenyer, fogkrem, noi_polo, rizs, fazek, alma
macskaeledel, asvanyviz, rizs, barack, ceruzaelem, csirkemell, noi_polo, kenyer, sampon
fazek, tej, muzli, ceruzaelem, spagetti, muzli, parna, parna, disznokaraj, disznokaraj, marhalabszar
muzli, ferfi_polo, gyerekjatek, spagetti, tej, csipsz, marhalabszar
disznokaraj, sampon, alma, kola, parna, marhalabszar, ferfi_polo, sampon, asvanyviz, barack, asvanyviz, disznokaraj
barack, kenyer, rizs, rizs, barack
fogkrem, tej
marhalabszar, tej, parna, sampon, parna, ceruzaelem, tojas
